;name;value;timestamp
0;sensor.v359_top_floor;9433.35;1996-03-15 13:44:26
1;sensor.v457_left_floor;9210.81;1971-07-10 06:08:01
2;sensor.v150_top_floor;753.51;1989-12-21 10:29:30
3;sensor.v809_bottom_floor;7431.61;1964-05-08 02:39:34
4;sensor.v296_top_floor;jviucxkzx;1978-12-20 15:32:28
5;sensor.v413_top_floor;1827.23;1962-09-05 22:03:33
6;sensor.v139_right_floor;2809.56;1992-05-20 05:17:56
7;sensor.v483_top_floor;9843.34;1970-12-11 20:13:59
8;sensor.v618_bottom_floor;3055.19;1979-08-22 06:41:26
9;sensor.v512_top_floor;794.41;1953-06-11 11:44:20
10;sensor.v504_top_floor;lpofmavfp;1968-04-20 02:14:12
11;sensor.v949_right_floor;wdcruemzv;1998-06-19 00:03:04
12;sensor.v941_right_floor;1914.5;1990-11-21 02:43:52
13;sensor.v954_left_floor;lginujren;1952-03-24 12:12:17
14;sensor.v380_bottom_floor;1818.67;1981-02-24 11:11:08
15;sensor.v132_right_floor;rzcsjlibf;1985-07-08 07:57:15
16;sensor.v742_right_floor;7696.26;1956-09-16 14:01:17
17;sensor.v338_right_floor;kssxixpyd;1968-06-19 05:21:10
18;sensor.v196_left_floor;8187.16;1975-06-27 00:28:04
19;sensor.v715_bottom_floor;8991.18;1995-05-15 11:17:29
20;sensor.v646_right_floor;4261.95;1996-12-11 04:37:03
21;sensor.v507_left_floor;lcnqdygnv;1999-09-15 09:33:13
22;sensor.v713_top_floor;1845.54;1984-11-19 15:40:59
23;sensor.v985_right_floor;iqvslpopx;1983-02-26 15:57:12
24;sensor.v628_right_floor;7358.5;1950-01-22 22:12:13
25;sensor.v864_left_floor;1994.38;1989-04-26 22:33:33
26;sensor.v604_left_floor;4793.44;1950-10-24 21:06:49
27;sensor.v623_bottom_floor;1579.62;1989-02-12 12:50:25
28;sensor.v739_right_floor;9490.66;1998-05-10 11:17:26
29;sensor.v269_left_floor;1111.49;1959-10-15 01:22:09
30;sensor.v313_right_floor;9825.13;1975-09-02 02:04:06
31;sensor.v438_left_floor;pgmnviybr;1950-01-10 02:34:59
32;sensor.v817_right_floor;5484.35;1968-08-24 19:50:58
33;sensor.v825_bottom_floor;jlzhobupv;1967-08-17 03:36:48
34;sensor.v580_bottom_floor;xwgpqkvmd;1968-05-21 06:59:33
35;sensor.v961_right_floor;gdjhmmqzy;1954-05-28 19:02:24
36;sensor.v299_left_floor;4929.94;1955-02-26 02:13:53
37;sensor.v546_right_floor;7068.31;1979-12-21 03:47:41
38;sensor.v721_right_floor;pnbbjqigh;1992-12-10 04:50:20
39;sensor.v209_right_floor;ihtnlkzxq;1966-07-07 22:07:14
40;sensor.v019_right_floor;cskteowtv;1951-06-26 04:49:26
41;sensor.v471_bottom_floor;cnjobjpzo;1984-05-07 20:43:33
42;sensor.v010_top_floor;6519.74;1966-06-15 15:40:49
43;sensor.v679_top_floor;ocpddpypu;1973-11-21 06:17:55
44;sensor.v316_right_floor;5261.25;1981-05-24 07:52:44
45;sensor.v376_right_floor;5683.37;1954-03-05 11:25:16
46;sensor.v430_bottom_floor;rzeccibwx;1955-11-19 18:52:31
47;sensor.v217_bottom_floor;423.56;1957-12-27 18:16:55
48;sensor.v027_bottom_floor;eoiuxgpmr;1980-03-01 23:37:47
49;sensor.v328_top_floor;1483.46;1973-11-06 13:20:14
50;sensor.v927_bottom_floor;qbriiimjg;1978-12-02 00:14:14
51;sensor.v482_bottom_floor;3027.36;1966-09-27 03:14:11
52;sensor.v007_left_floor;fejicujyv;1983-01-13 00:42:17
53;sensor.v080_left_floor;pebcbtbqq;1963-12-13 14:50:11
54;sensor.v054_top_floor;5387.55;1957-04-09 05:36:22
55;sensor.v052_left_floor;3352.83;1991-04-24 00:22:49
56;sensor.v181_bottom_floor;9456.86;1989-06-05 08:42:45
57;sensor.v999_bottom_floor;prtmsnhll;1967-08-07 02:08:12
58;sensor.v185_left_floor;7213.66;1993-09-13 10:05:54
59;sensor.v897_bottom_floor;mdomiwxax;1965-09-17 10:24:39
60;sensor.v127_left_floor;dbtuxkplq;1985-10-03 20:24:23
61;sensor.v621_left_floor;4253.47;1973-01-01 15:57:41
62;sensor.v936_top_floor;4213.02;1982-09-12 21:02:34
63;sensor.v076_left_floor;yxbqfffwe;2000-10-16 12:09:09
64;sensor.v495_right_floor;hibypyscl;1961-09-07 12:12:20
65;sensor.v868_bottom_floor;6964.6;1966-10-01 06:52:00
66;sensor.v129_right_floor;2665.74;1985-07-25 03:45:10
67;sensor.v968_top_floor;2771.87;1985-08-05 20:06:52
68;sensor.v066_right_floor;wxeqafdga;2000-02-22 23:32:02
69;sensor.v925_right_floor;eenwdjpdq;1976-02-25 01:34:04
70;sensor.v119_right_floor;4182.97;1963-11-07 10:10:24
71;sensor.v790_top_floor;ieanyekxe;1986-06-15 07:52:40
72;sensor.v542_top_floor;bketbajho;1970-07-02 02:18:11
73;sensor.v559_top_floor;ohwylzegr;1971-04-09 13:41:14
74;sensor.v178_bottom_floor;zwxahgfcc;1998-06-01 16:26:10
75;sensor.v390_top_floor;4738.26;1985-05-27 03:53:09
76;sensor.v565_left_floor;rqllaerli;2000-05-26 13:14:37
77;sensor.v044_bottom_floor;5548.64;1998-05-22 08:53:57
78;sensor.v352_right_floor;5314.53;1962-02-28 20:00:33
79;sensor.v410_bottom_floor;hgppaohxz;1994-12-12 03:47:44
80;sensor.v022_top_floor;1407.92;1952-11-18 15:36:18
81;sensor.v520_bottom_floor;7277.32;1974-07-15 10:12:48
82;sensor.v936_left_floor;5719.68;1996-05-13 08:08:20
83;sensor.v740_left_floor;llbndofah;1950-09-08 05:07:24
84;sensor.v917_top_floor;wqhirlcfe;1963-05-17 21:23:53
85;sensor.v210_top_floor;9798.94;1969-12-05 00:23:59
86;sensor.v643_top_floor;2788.6;1963-07-22 05:07:05
87;sensor.v273_right_floor;6294.41;1963-06-23 13:03:52
88;sensor.v846_right_floor;987.15;1991-08-08 00:16:24
89;sensor.v431_left_floor;olrzyuwgn;1992-06-09 11:54:20
90;sensor.v253_right_floor;ffetjqwfz;1967-09-20 02:51:52
91;sensor.v295_left_floor;nrpxsqkjj;1990-06-02 02:57:35
92;sensor.v723_top_floor;8348.47;1980-08-20 13:49:16
93;sensor.v767_left_floor;esfsfahro;1953-11-12 06:27:01
94;sensor.v339_top_floor;ohqompjid;1970-01-07 04:06:56
95;sensor.v378_bottom_floor;kstucudnt;1959-07-06 12:14:28
96;sensor.v953_right_floor;rzyzwktkn;1974-12-21 14:47:36
97;sensor.v202_right_floor;6644.06;1960-08-24 19:00:52
98;sensor.v797_bottom_floor;864.62;1973-04-26 23:08:50
99;sensor.v742_top_floor;7285.91;1980-09-13 18:12:02
100;sensor.v285_right_floor;vjlkrlwyp;1962-11-07 04:43:27
101;sensor.v507_top_floor;706.25;1996-10-04 19:02:11
102;sensor.v253_top_floor;etbfeghsu;1956-07-16 13:10:08
103;sensor.v107_right_floor;3956.84;1998-09-03 16:16:17
104;sensor.v741_right_floor;840.06;1971-03-22 05:32:05
105;sensor.v492_top_floor;knoldlafc;1974-08-11 16:24:29
106;sensor.v242_left_floor;nosqicayi;1975-03-03 15:31:28
107;sensor.v382_top_floor;ngubvlwhy;1971-06-07 06:04:42
108;sensor.v709_left_floor;5986.11;1972-04-27 09:15:18
109;sensor.v183_top_floor;4703.7;1995-11-12 20:19:37
110;sensor.v092_left_floor;gjwftopvp;1962-10-13 07:15:30
111;sensor.v142_top_floor;icvziznsf;1979-06-09 00:53:43
112;sensor.v023_top_floor;532.12;1988-10-07 19:55:12
113;sensor.v436_top_floor;8270.76;1962-01-06 01:27:43
114;sensor.v930_left_floor;nwodghxal;1981-09-08 16:07:47
115;sensor.v675_left_floor;znfojotev;1975-06-02 06:50:34
116;sensor.v019_left_floor;1915.49;1952-08-27 22:52:25
117;sensor.v755_left_floor;tfipwdfof;1959-04-10 22:46:22
118;sensor.v253_left_floor;liiqivtkb;1982-09-05 20:45:36
119;sensor.v913_bottom_floor;fswdgcdzu;1966-05-07 09:32:33
120;sensor.v575_left_floor;5443.73;1980-02-28 06:27:57
121;sensor.v412_top_floor;hwtzvjhqs;1954-12-15 23:14:17
122;sensor.v507_left_floor;389.28;1983-06-19 22:09:30
123;sensor.v657_bottom_floor;4187.58;1956-12-09 17:38:27
124;sensor.v621_left_floor;varjezskh;1952-03-24 00:36:18
125;sensor.v285_top_floor;653.96;1983-08-21 18:38:14
126;sensor.v592_right_floor;1209.3;1983-12-08 17:30:41
127;sensor.v848_top_floor;6316.66;1972-02-02 22:38:11
128;sensor.v049_top_floor;8119.02;1977-04-07 00:07:52
129;sensor.v933_bottom_floor;vrytgfnvy;1955-05-11 14:33:18
130;sensor.v042_bottom_floor;chdnunxqr;1956-01-09 17:02:26
131;sensor.v188_left_floor;smsmtcmta;1999-06-27 06:45:27
132;sensor.v456_bottom_floor;abdylcayr;1983-10-15 16:41:31
133;sensor.v598_bottom_floor;tudojwdaw;1976-06-27 10:32:38
134;sensor.v999_left_floor;hsmennlup;1968-12-09 14:06:40
135;sensor.v254_left_floor;wprkmrrkm;1951-01-02 17:52:09
136;sensor.v163_bottom_floor;3489.1;1956-05-12 03:28:07
137;sensor.v148_top_floor;6379.07;1958-08-22 05:56:32
138;sensor.v942_left_floor;thrjrwgfg;1986-04-21 09:01:42
139;sensor.v652_right_floor;3690.37;1960-01-19 14:51:40
140;sensor.v477_top_floor;fsbyfyapu;1960-12-02 10:43:28
141;sensor.v627_left_floor;citpuoaer;1961-05-21 23:57:32
142;sensor.v952_top_floor;himvbaomf;1988-11-17 03:35:38
143;sensor.v292_left_floor;zkadrskyd;1975-05-08 18:59:47
144;sensor.v709_top_floor;wmtzmiqhp;1987-06-09 08:04:06
145;sensor.v373_right_floor;814.6;1951-10-08 04:37:52
146;sensor.v911_left_floor;imgtzbuqi;2000-02-21 18:45:47
147;sensor.v089_left_floor;jmqhodwze;1968-12-07 23:54:01
148;sensor.v276_left_floor;uvmngadet;1958-06-27 14:54:08
149;sensor.v772_left_floor;fsbhiijan;2000-07-20 18:16:03
150;sensor.v818_right_floor;4821.84;1970-07-11 22:15:34
151;sensor.v088_left_floor;gnroupiln;1995-10-11 10:22:55
152;sensor.v888_left_floor;5660.12;1985-04-26 04:11:33
153;sensor.v137_bottom_floor;483.7;1985-01-28 21:27:18
154;sensor.v242_top_floor;5621.45;1988-08-13 15:50:06
155;sensor.v385_bottom_floor;xrkyyyooz;1950-02-03 02:10:45
156;sensor.v275_bottom_floor;wwezuptum;1965-06-21 21:04:08
157;sensor.v217_bottom_floor;8642.66;1977-05-16 10:06:26
158;sensor.v013_top_floor;1238.04;1966-08-11 16:08:01
159;sensor.v585_top_floor;2005.99;1968-04-15 02:08:03
160;sensor.v527_left_floor;gqqayphbs;1989-07-13 17:02:53
161;sensor.v355_top_floor;3904.15;1970-04-19 09:09:34
162;sensor.v111_left_floor;ubepjnorc;1997-08-28 07:10:57
163;sensor.v754_right_floor;duonmineu;1956-11-14 19:11:48
164;sensor.v209_right_floor;fkmckhkzr;1975-11-25 02:37:35
165;sensor.v306_bottom_floor;1541.62;1997-02-23 20:36:34
166;sensor.v784_right_floor;3518.67;1968-04-03 01:00:23
167;sensor.v932_top_floor;rvuyeqexk;1975-12-12 12:28:10
168;sensor.v649_right_floor;1244.0;1965-09-05 09:32:46
169;sensor.v202_bottom_floor;7773.22;1992-04-05 00:37:59
170;sensor.v133_left_floor;dbykjdyrh;1975-04-02 05:31:22
171;sensor.v363_left_floor;ubzcusbdx;1993-01-27 00:59:41
172;sensor.v253_left_floor;ipogcucyl;1975-11-09 10:08:54
173;sensor.v499_bottom_floor;kghbpccta;2000-10-26 01:30:11
174;sensor.v966_right_floor;uvdogvlna;1950-09-05 16:37:08
175;sensor.v170_bottom_floor;iygnycnfl;1964-03-12 16:03:29
176;sensor.v536_right_floor;dmiiaeoja;1968-08-02 17:27:15
177;sensor.v297_bottom_floor;2451.87;1976-10-02 12:55:50
178;sensor.v848_left_floor;jtcinhsun;1976-03-27 21:26:34
179;sensor.v352_left_floor;udxsywpmg;1955-09-27 04:49:07
180;sensor.v345_top_floor;7266.28;1993-06-09 13:17:10
181;sensor.v716_top_floor;wrocauonm;1976-08-14 08:53:47
182;sensor.v229_right_floor;ddmtagoxk;1958-07-26 14:07:56
183;sensor.v436_left_floor;5130.48;1971-05-10 23:14:08
184;sensor.v458_right_floor;nfpzxcmpi;1983-10-17 08:21:55
185;sensor.v393_top_floor;752.33;1982-09-16 11:32:06
186;sensor.v062_left_floor;hsmjlaqsl;1957-04-05 01:02:43
187;sensor.v690_right_floor;dtojqwebk;1958-08-10 18:50:20
188;sensor.v248_bottom_floor;2.37;1976-08-12 22:45:24
189;sensor.v550_bottom_floor;rwapskswz;1966-05-11 22:46:00
190;sensor.v611_right_floor;olqtwjpao;1977-02-04 02:44:24
191;sensor.v313_right_floor;6495.18;1997-03-12 12:15:04
192;sensor.v691_left_floor;5865.88;1996-04-13 06:51:03
193;sensor.v047_bottom_floor;1519.63;1964-12-01 19:09:58
194;sensor.v864_left_floor;7610.21;2000-01-25 00:17:38
195;sensor.v566_bottom_floor;hixmygpjw;1978-07-23 10:00:50
196;sensor.v388_top_floor;5111.93;1972-08-15 19:52:07
197;sensor.v477_top_floor;ttduufvlw;1970-01-25 11:53:00
198;sensor.v512_right_floor;fmmvfphie;1969-07-26 01:44:02
199;sensor.v141_left_floor;5494.99;1981-01-28 11:07:55
200;sensor.v894_left_floor;6292.29;1953-12-16 22:07:45
201;sensor.v972_right_floor;qhsfxbxee;1963-06-02 09:56:51
202;sensor.v758_left_floor;rlofjcwjs;1951-11-01 21:42:40
203;sensor.v849_bottom_floor;771.08;1992-07-19 19:06:17
204;sensor.v423_right_floor;4547.32;1995-08-21 01:56:36
205;sensor.v192_left_floor;8432.21;1963-10-14 12:03:21
206;sensor.v089_top_floor;zmpxmbfwf;1951-12-22 22:41:53
207;sensor.v273_bottom_floor;1812.16;1999-06-26 19:06:18
208;sensor.v487_top_floor;dhsspkvyj;1981-01-15 08:59:35
209;sensor.v961_bottom_floor;fpolcalvi;1961-11-21 18:53:17
210;sensor.v756_left_floor;wsftxuktq;1999-12-12 21:32:50
211;sensor.v080_bottom_floor;hvhlrxedz;1966-12-20 22:12:56
212;sensor.v411_left_floor;455.26;1969-11-26 12:14:41
213;sensor.v711_right_floor;ynmflvfzx;1998-05-05 07:26:11
214;sensor.v685_right_floor;5922.25;1959-08-03 20:23:43
215;sensor.v925_left_floor;9385.75;1965-12-22 04:04:04
216;sensor.v035_left_floor;jqjwqknjd;1994-06-13 02:28:44
217;sensor.v692_right_floor;xbwcxnjnu;1954-01-10 20:34:09
218;sensor.v136_bottom_floor;aymoryxbk;1977-02-26 05:22:11
219;sensor.v782_left_floor;7603.54;1999-02-15 14:45:23
220;sensor.v407_left_floor;1536.22;1987-12-23 15:29:10
221;sensor.v443_right_floor;8746.5;1957-08-16 15:12:09
222;sensor.v987_left_floor;8255.51;1995-07-25 21:56:44
223;sensor.v100_right_floor;otcwtfpek;1956-08-21 19:22:42
224;sensor.v224_top_floor;9329.76;1965-03-13 05:57:44
225;sensor.v201_bottom_floor;xltofbknv;1975-10-02 06:47:57
226;sensor.v052_top_floor;rsrkhqdlh;1982-11-11 08:27:19
227;sensor.v035_left_floor;8789.81;1954-09-26 23:09:50
228;sensor.v033_top_floor;egdueteua;1990-12-03 11:04:10
229;sensor.v902_bottom_floor;9961.25;1957-05-04 22:56:44
230;sensor.v045_bottom_floor;144.22;1964-02-12 05:07:27
231;sensor.v623_left_floor;3362.05;1966-06-27 02:49:20
232;sensor.v598_right_floor;qyrzwmbot;1999-11-11 09:09:17
233;sensor.v759_left_floor;6858.35;1959-10-22 03:28:18
234;sensor.v830_left_floor;3758.23;1982-11-14 05:41:30
235;sensor.v162_left_floor;185.43;1964-08-07 21:36:43
236;sensor.v106_bottom_floor;mjiqkzrnd;1979-11-03 05:09:52
237;sensor.v857_right_floor;zzjlskhdm;1978-06-08 11:36:45
238;sensor.v486_left_floor;8613.25;1991-01-16 07:58:44
239;sensor.v170_bottom_floor;7543.93;2000-11-23 06:25:50
240;sensor.v803_bottom_floor;3430.02;1972-10-21 03:20:58
241;sensor.v382_bottom_floor;rhmdzehwv;1969-11-16 23:43:25
242;sensor.v228_right_floor;auwrrcxiq;1990-08-10 23:11:31
243;sensor.v980_right_floor;wudoafqyw;1978-10-10 16:19:15
244;sensor.v257_bottom_floor;glqkpgvmk;1965-10-23 01:07:29
245;sensor.v550_top_floor;9716.63;1982-09-09 22:15:46
246;sensor.v173_top_floor;znqibybxh;1969-11-11 16:03:02
247;sensor.v293_left_floor;wlwqhoqfl;1994-07-07 18:29:07
248;sensor.v180_top_floor;nqhawcynz;1983-04-14 03:33:04
249;sensor.v304_left_floor;ripyntzjo;1994-04-05 11:08:06
250;sensor.v595_left_floor;3384.26;1968-02-08 00:11:39
251;sensor.v777_bottom_floor;4770.88;1995-07-25 17:49:17
252;sensor.v261_right_floor;6375.76;1957-12-21 14:07:50
253;sensor.v326_right_floor;djwlxjsph;1950-02-22 03:46:12
254;sensor.v490_top_floor;qccrtxspv;1979-08-20 12:35:18
255;sensor.v434_left_floor;908.31;1977-03-25 07:11:26
256;sensor.v087_top_floor;ftkipjiml;1976-04-28 18:32:27
257;sensor.v377_left_floor;6926.98;1973-06-09 08:44:44
258;sensor.v132_right_floor;8475.63;1982-05-04 17:12:55
259;sensor.v394_bottom_floor;7743.49;2000-08-07 20:06:07
260;sensor.v025_bottom_floor;2176.13;1997-05-02 16:19:34
261;sensor.v612_right_floor;2478.48;1962-07-04 17:26:42
262;sensor.v831_left_floor;2861.09;1985-09-15 17:30:31
263;sensor.v309_right_floor;owezqkjaa;1955-10-24 00:55:06
264;sensor.v814_bottom_floor;4052.23;1978-02-02 01:10:52
265;sensor.v983_top_floor;cpnojsumq;1979-05-17 09:55:36
266;sensor.v582_right_floor;3242.94;1967-12-21 20:58:00
267;sensor.v270_bottom_floor;4146.99;1996-03-07 00:02:46
268;sensor.v024_bottom_floor;zsidyqujy;1996-07-24 06:16:04
269;sensor.v931_bottom_floor;8364.84;1982-03-01 06:40:11
270;sensor.v365_left_floor;nzvdzkbiy;1999-09-21 02:10:31
271;sensor.v888_bottom_floor;4867.07;1973-02-09 00:57:26
272;sensor.v682_right_floor;4179.01;1983-08-24 10:32:19
273;sensor.v835_bottom_floor;6330.05;1953-08-01 10:27:35
274;sensor.v868_left_floor;dcneeezks;1956-11-10 03:45:55
275;sensor.v290_right_floor;5536.41;1977-10-06 16:27:06
276;sensor.v726_right_floor;5004.03;1972-10-02 16:22:53
277;sensor.v276_bottom_floor;gqlyqtxff;1983-07-25 02:39:56
278;sensor.v754_top_floor;5648.98;1974-08-01 15:29:33
279;sensor.v760_right_floor;cgpxdtqjs;1954-08-16 15:46:49
280;sensor.v225_top_floor;4860.8;1966-05-12 10:16:55
281;sensor.v295_left_floor;6445.14;1959-10-02 07:15:34
282;sensor.v195_top_floor;lszdmhzgb;1973-05-02 01:45:45
283;sensor.v833_bottom_floor;vmwqibpfl;1960-12-05 04:32:35
284;sensor.v142_left_floor;gpvbnnscr;1991-12-09 10:12:37
285;sensor.v193_bottom_floor;ibemsfwig;1964-09-19 14:47:48
286;sensor.v172_left_floor;7171.5;1989-04-24 07:22:04
287;sensor.v621_bottom_floor;feomnlzim;1956-05-07 09:59:48
288;sensor.v731_right_floor;bejhtroyc;1951-04-15 04:05:10
289;sensor.v010_bottom_floor;4230.68;1959-12-17 08:54:18
290;sensor.v979_left_floor;3476.3;1956-04-25 01:24:15
291;sensor.v358_right_floor;buepxkeek;1958-05-28 04:04:14
292;sensor.v796_left_floor;7971.21;1959-05-19 14:18:30
293;sensor.v672_right_floor;vepaesebu;1978-08-11 09:18:30
294;sensor.v436_top_floor;7099.73;1986-10-02 17:35:56
295;sensor.v484_bottom_floor;lvobljkkn;1972-03-18 07:55:05
296;sensor.v335_bottom_floor;kmchwkkwj;1985-03-07 06:19:38
297;sensor.v142_right_floor;xalmqogkd;1984-12-24 09:43:13
298;sensor.v654_left_floor;1863.26;1950-09-14 08:10:55
299;sensor.v007_bottom_floor;3390.05;1969-11-03 14:47:23
300;sensor.v865_bottom_floor;5025.38;1995-01-22 01:58:24
301;sensor.v387_left_floor;ekbazkxfa;1973-03-11 12:53:35
302;sensor.v859_bottom_floor;qbfhfpttp;1956-07-23 15:02:46
303;sensor.v131_left_floor;7462.76;1969-03-11 17:53:38
304;sensor.v742_top_floor;3346.08;1980-01-23 21:49:34
305;sensor.v859_bottom_floor;583.75;1965-04-24 04:14:54
306;sensor.v934_top_floor;6513.93;1979-01-20 11:26:28
307;sensor.v087_left_floor;8546.54;1966-07-21 19:06:36
308;sensor.v023_left_floor;rtqbvgilp;1991-04-02 05:38:17
309;sensor.v291_bottom_floor;1802.55;1987-09-23 00:52:29
310;sensor.v397_left_floor;3535.85;1980-10-19 13:33:13
311;sensor.v897_left_floor;mgrpamonw;1984-02-22 23:10:44
312;sensor.v842_right_floor;zqswftxby;1978-12-23 19:17:55
313;sensor.v678_top_floor;3660.18;1967-10-13 22:18:44
314;sensor.v558_bottom_floor;svpyzojnr;1973-11-25 11:11:06
315;sensor.v857_right_floor;1775.72;2000-12-14 14:30:47
316;sensor.v253_right_floor;dozbalaml;1981-03-21 10:55:57
317;sensor.v899_right_floor;6293.86;1981-02-02 04:15:06
318;sensor.v577_right_floor;etxpodwyn;1955-01-03 07:11:08
319;sensor.v969_right_floor;7918.47;1959-07-18 16:24:19
320;sensor.v960_right_floor;3743.8;1951-01-12 08:33:02
321;sensor.v762_right_floor;9082.61;1976-05-15 06:50:11
322;sensor.v022_right_floor;5673.67;1992-10-07 10:47:47
323;sensor.v037_right_floor;uagicbhou;1988-11-05 18:25:54
324;sensor.v414_right_floor;bnjyrhmkm;1964-10-15 20:43:34
325;sensor.v663_right_floor;smjuioujw;1980-11-18 10:00:22
326;sensor.v242_bottom_floor;pzwuoephv;1975-04-01 22:57:27
327;sensor.v128_right_floor;7501.71;1973-04-22 20:07:34
328;sensor.v047_bottom_floor;pidraxnrw;1992-09-22 01:27:14
329;sensor.v612_top_floor;tdcuhodqh;1967-03-05 19:26:03
330;sensor.v790_top_floor;dragravcv;1976-08-20 10:30:18
331;sensor.v333_left_floor;1569.4;1970-12-07 10:22:29
332;sensor.v263_right_floor;983.63;1960-04-26 23:30:25
333;sensor.v726_right_floor;rjcbtqbgz;1984-10-12 22:01:22
334;sensor.v577_bottom_floor;8473.26;1999-11-24 05:05:15
335;sensor.v882_left_floor;3989.28;1985-03-17 06:19:06
336;sensor.v596_bottom_floor;7918.14;1951-07-13 17:27:34
337;sensor.v210_top_floor;5554.54;1984-07-15 20:28:38
338;sensor.v328_left_floor;637.31;1954-03-08 10:37:23
339;sensor.v116_bottom_floor;avvnwtgxz;1958-07-16 13:28:37
340;sensor.v373_right_floor;8306.46;1977-06-13 08:29:39
341;sensor.v134_bottom_floor;3445.05;1998-01-03 15:20:26
342;sensor.v064_left_floor;djfbsfpsa;1993-05-19 22:07:18
343;sensor.v722_bottom_floor;azqokzzal;1973-02-20 13:34:20
344;sensor.v241_right_floor;8264.91;1963-07-19 14:49:44
345;sensor.v702_bottom_floor;5621.19;1980-04-12 06:48:23
346;sensor.v942_top_floor;1909.21;1952-11-15 01:00:31
347;sensor.v314_left_floor;1287.26;1969-05-02 11:10:30
348;sensor.v470_right_floor;7687.09;1995-12-13 20:22:41
349;sensor.v008_bottom_floor;6016.53;1971-10-18 17:56:26
350;sensor.v693_left_floor;eigmvznie;1999-07-18 19:30:06
351;sensor.v285_top_floor;5662.28;1980-08-03 22:41:04
352;sensor.v705_left_floor;445.82;1989-02-16 02:34:31
353;sensor.v225_right_floor;8060.29;1974-10-18 05:01:21
354;sensor.v198_right_floor;pjfkkzuxp;1970-10-19 00:02:29
355;sensor.v570_top_floor;873.58;1987-03-10 05:07:28
356;sensor.v841_top_floor;ycvbwqgdu;1959-02-23 12:46:08
357;sensor.v775_right_floor;ewminuzyh;1989-07-06 06:24:23
358;sensor.v932_top_floor;hjfjdmwyo;1979-11-02 15:16:29
359;sensor.v624_right_floor;2345.77;1965-03-08 10:17:20
360;sensor.v223_top_floor;ogmftewbl;1954-08-25 14:54:06
361;sensor.v008_bottom_floor;sylprybwq;1988-07-12 23:01:33
362;sensor.v166_top_floor;xelfteygu;1991-10-08 05:36:56
363;sensor.v159_top_floor;seotigcen;1956-09-13 16:16:26
364;sensor.v060_bottom_floor;9708.71;1987-10-17 08:29:28
365;sensor.v003_left_floor;bryutspvv;1998-01-12 02:35:20
366;sensor.v964_top_floor;lenhqgosk;1974-01-07 19:01:19
367;sensor.v413_top_floor;rbnwrzwwe;1951-04-13 05:01:39
368;sensor.v721_left_floor;ssupwoiec;1972-05-06 14:22:04
369;sensor.v092_right_floor;injgzuejx;1997-10-10 07:11:57
370;sensor.v220_bottom_floor;3546.96;1986-01-18 23:41:47
371;sensor.v896_bottom_floor;qlmkspvld;1999-08-08 14:10:36
372;sensor.v382_right_floor;8009.29;1964-06-05 10:10:00
373;sensor.v537_right_floor;exyykiyyt;1982-07-22 20:45:23
374;sensor.v306_left_floor;7468.85;1953-07-27 21:53:41
375;sensor.v925_right_floor;9302.83;1999-02-26 13:45:44
376;sensor.v085_right_floor;pbkjwgaay;1957-11-07 23:56:39
377;sensor.v924_top_floor;mhnrdsalw;1977-02-08 23:49:26
378;sensor.v055_top_floor;4272.46;1960-11-12 01:33:55
379;sensor.v348_left_floor;5432.35;1970-01-12 07:02:44
380;sensor.v292_bottom_floor;puakemavy;1995-10-18 02:16:49
381;sensor.v542_left_floor;lnocixyut;2000-06-28 02:23:12
382;sensor.v416_top_floor;oswphjiek;1959-09-08 18:55:30
383;sensor.v352_bottom_floor;8595.68;1985-05-20 05:57:18
384;sensor.v355_bottom_floor;fbvlhuqvr;1956-02-10 08:48:05
385;sensor.v159_left_floor;zshhksefk;1969-10-26 12:55:29
386;sensor.v224_right_floor;avcjcreiu;1980-07-02 01:50:31
387;sensor.v299_right_floor;auxtxrnvp;1981-12-27 14:31:25
388;sensor.v733_left_floor;558.05;1989-07-19 18:20:25
389;sensor.v505_top_floor;sirikvzmm;1959-04-23 16:39:04
390;sensor.v591_top_floor;902.16;1977-09-23 11:57:42
391;sensor.v220_right_floor;8502.01;1999-05-04 11:34:35
392;sensor.v220_right_floor;esleplrsq;1970-08-01 00:07:28
393;sensor.v030_top_floor;9935.01;1972-03-06 23:18:02
394;sensor.v823_bottom_floor;8078.16;1959-02-28 18:01:46
395;sensor.v811_top_floor;5871.02;1973-04-06 06:46:02
396;sensor.v227_top_floor;ufmqirklp;1968-08-25 11:15:32
397;sensor.v342_bottom_floor;2213.82;1989-05-08 03:52:01
398;sensor.v301_bottom_floor;1012.92;1974-05-11 06:04:07
399;sensor.v464_top_floor;xnsyyvyso;1951-03-12 08:59:25
400;sensor.v246_top_floor;omjtfeqap;1963-04-21 18:04:43
401;sensor.v477_bottom_floor;ilojtslgq;1997-01-22 11:54:48
402;sensor.v332_top_floor;2764.76;1989-06-07 02:04:49
403;sensor.v656_bottom_floor;5959.6;1964-12-27 03:01:20
404;sensor.v894_left_floor;5761.72;1956-11-06 14:47:16
405;sensor.v482_left_floor;4630.0;1976-05-06 12:37:44
406;sensor.v774_left_floor;3668.6;1998-04-12 15:19:48
407;sensor.v340_left_floor;8261.61;1982-11-18 07:33:20
408;sensor.v105_bottom_floor;lsatuyzej;1987-10-15 03:13:40
409;sensor.v260_left_floor;altqsqutf;1998-03-04 21:56:28
410;sensor.v289_left_floor;6945.87;1986-05-06 11:10:37
411;sensor.v724_bottom_floor;ciqyxzuvn;1977-11-01 09:18:12
412;sensor.v638_bottom_floor;bvfjzkxku;1981-05-20 06:44:49
413;sensor.v736_right_floor;5123.63;2000-07-27 07:43:48
414;sensor.v025_left_floor;1296.51;1993-03-07 05:13:15
415;sensor.v566_left_floor;4321.71;1976-05-26 05:07:34
416;sensor.v207_bottom_floor;kqabrwmav;1996-11-06 08:43:26
417;sensor.v268_left_floor;2025.22;1991-07-13 11:34:59
418;sensor.v652_bottom_floor;fgywfadms;1985-01-23 19:32:13
419;sensor.v378_bottom_floor;pamathytv;1986-01-28 11:27:55
420;sensor.v580_left_floor;7023.48;1992-01-03 07:15:13
421;sensor.v186_top_floor;qvrwydhzr;1994-11-25 13:51:47
422;sensor.v075_top_floor;9917.46;1970-01-27 16:35:27
423;sensor.v211_top_floor;zncziwftf;1990-05-14 13:56:09
424;sensor.v225_top_floor;nerhbfxql;1978-04-25 23:42:47
425;sensor.v284_left_floor;xmvoirjdm;1975-04-12 14:10:53
426;sensor.v819_right_floor;4285.99;1988-04-09 11:44:36
427;sensor.v865_bottom_floor;kgattlslh;1973-12-09 06:33:48
428;sensor.v038_left_floor;cguxevqng;1991-10-18 20:26:49
429;sensor.v040_bottom_floor;ddnsbmwpz;1994-11-24 05:10:01
430;sensor.v528_left_floor;6991.46;1969-02-21 09:24:05
431;sensor.v453_top_floor;2259.48;1993-05-16 20:48:59
432;sensor.v518_bottom_floor;6331.65;1961-11-24 20:46:50
433;sensor.v611_bottom_floor;vujkstsgl;1975-10-06 05:53:40
434;sensor.v190_bottom_floor;297.84;1984-08-14 18:35:07
435;sensor.v095_right_floor;7084.1;1986-09-07 01:26:28
436;sensor.v216_bottom_floor;bvyiniusc;1964-06-18 13:27:56
437;sensor.v483_bottom_floor;xvdxjipto;1990-02-20 19:11:52
438;sensor.v173_top_floor;363.77;1964-08-02 09:33:31
439;sensor.v727_right_floor;1613.54;1989-07-02 01:24:20
440;sensor.v825_bottom_floor;7240.47;1980-02-14 15:42:41
441;sensor.v352_bottom_floor;bvbzmtmgw;1960-10-13 23:51:33
442;sensor.v432_top_floor;5396.67;1962-08-09 21:26:52
443;sensor.v099_bottom_floor;4360.81;1972-07-26 04:27:58
444;sensor.v608_top_floor;8070.39;1959-03-13 14:44:32
445;sensor.v800_top_floor;1903.63;1955-02-24 07:52:54
446;sensor.v082_top_floor;hxbhcyzeo;1969-04-23 19:55:12
447;sensor.v754_bottom_floor;qoufcrlcm;1982-09-13 20:08:01
448;sensor.v299_right_floor;3554.99;1960-01-08 17:42:32
449;sensor.v542_bottom_floor;574.93;1966-08-13 22:58:55
450;sensor.v341_top_floor;1674.14;1966-12-28 23:59:18
451;sensor.v416_bottom_floor;pqrwlvpls;1951-04-14 10:06:10
452;sensor.v873_bottom_floor;ipwhixaga;1975-09-10 11:49:15
453;sensor.v041_left_floor;6273.17;1978-06-16 00:38:43
454;sensor.v677_top_floor;nuwmmiprq;1993-08-12 17:24:45
455;sensor.v262_left_floor;ooahfbqlt;1998-12-17 16:09:53
456;sensor.v627_bottom_floor;klmqafgph;1964-01-05 14:07:54
457;sensor.v605_top_floor;4847.28;2000-08-25 17:42:20
458;sensor.v093_left_floor;651.79;1972-05-12 17:15:26
459;sensor.v297_right_floor;910.18;1974-01-20 16:04:55
460;sensor.v171_bottom_floor;1517.94;1985-08-09 18:30:43
461;sensor.v152_left_floor;worppihxo;1960-07-26 23:59:45
462;sensor.v472_bottom_floor;rscdvceqd;1989-10-17 19:18:40
463;sensor.v769_left_floor;zifyvsmyr;1952-06-09 05:59:30
464;sensor.v656_right_floor;8905.38;1964-01-18 09:13:38
465;sensor.v416_left_floor;eoxzqwydm;1991-10-09 13:45:03
466;sensor.v518_right_floor;3375.83;1991-04-09 01:08:03
467;sensor.v560_top_floor;1196.37;1980-06-05 20:20:36
468;sensor.v299_right_floor;rplxmnwlu;1995-02-17 15:53:59
469;sensor.v209_left_floor;4008.49;1992-01-18 05:14:01
470;sensor.v439_left_floor;8451.02;1979-09-05 19:05:56
471;sensor.v009_right_floor;uzqjhjmgj;1966-04-23 17:52:30
472;sensor.v195_top_floor;6947.34;1973-02-27 18:08:42
473;sensor.v957_right_floor;8365.49;1970-02-21 17:32:43
474;sensor.v655_bottom_floor;2217.93;1981-12-08 01:44:52
475;sensor.v871_top_floor;wnbzgpsex;1955-03-07 06:57:09
476;sensor.v069_top_floor;6493.66;1986-12-15 15:31:21
477;sensor.v600_bottom_floor;517.93;1997-11-14 12:23:55
478;sensor.v379_left_floor;zkpzzowtc;1991-09-09 16:04:15
479;sensor.v338_bottom_floor;jrccpxtlo;1954-04-14 00:27:57
480;sensor.v371_left_floor;nhnwffmlj;1959-06-08 06:28:16
481;sensor.v939_right_floor;bwxtlvzdi;2000-02-27 11:55:43
482;sensor.v267_right_floor;wydyzubku;1997-08-11 18:57:43
483;sensor.v422_left_floor;oubpcyfyl;1961-09-18 18:22:56
484;sensor.v669_right_floor;emrtsutmc;1994-04-15 22:41:41
485;sensor.v751_left_floor;fvyntcgfs;1979-10-19 08:45:35
486;sensor.v908_bottom_floor;bcbylxvcl;1953-09-10 06:42:36
487;sensor.v572_right_floor;2413.77;1959-08-28 01:48:53
488;sensor.v801_bottom_floor;4361.06;1993-04-08 07:34:39
489;sensor.v373_right_floor;2967.7;1989-04-14 19:57:08
490;sensor.v622_right_floor;7194.76;1989-12-07 18:24:31
491;sensor.v786_top_floor;529.05;1977-11-07 21:29:29
492;sensor.v486_top_floor;853.71;1998-11-14 01:18:59
493;sensor.v368_right_floor;bdanitwpq;1963-03-01 03:41:56
494;sensor.v050_left_floor;cxvxtypeq;1970-08-13 07:07:59
495;sensor.v047_right_floor;8625.59;1972-06-25 01:43:35
496;sensor.v587_top_floor;1635.97;1989-08-25 12:33:47
497;sensor.v697_top_floor;zoydhezca;1962-07-26 15:57:53
498;sensor.v259_right_floor;9815.55;1952-01-24 16:57:13
499;sensor.v221_left_floor;24.38;1985-01-24 22:27:44
500;sensor.v303_top_floor;3590.7;1994-08-22 22:37:13
501;sensor.v566_bottom_floor;2947.11;1980-10-26 08:56:03
502;sensor.v168_left_floor;7385.85;1960-05-22 07:04:14
503;sensor.v030_top_floor;71.06;1989-03-15 11:09:27
504;sensor.v482_right_floor;2820.13;1989-02-04 14:09:29
505;sensor.v692_bottom_floor;7968.11;1952-10-06 04:57:58
506;sensor.v632_bottom_floor;8329.41;2000-02-16 18:34:37
507;sensor.v278_top_floor;4924.71;1964-07-15 23:37:15
508;sensor.v226_bottom_floor;5044.97;1994-09-12 15:34:28
509;sensor.v569_right_floor;fawbembyl;1993-05-19 20:04:05
510;sensor.v881_left_floor;6272.22;1967-01-18 20:00:09
511;sensor.v342_left_floor;8060.02;1976-10-04 09:27:39
512;sensor.v336_bottom_floor;232.4;1976-05-25 23:02:09
513;sensor.v010_left_floor;6973.66;1993-07-08 13:22:20
514;sensor.v245_right_floor;1909.3;1983-08-27 17:31:11
515;sensor.v037_right_floor;2672.32;1986-08-03 21:37:31
516;sensor.v737_right_floor;1949.03;1995-02-28 11:50:43
517;sensor.v518_bottom_floor;eyhpyhctg;1955-12-08 20:31:36
518;sensor.v844_bottom_floor;4242.74;1954-08-12 21:06:59
519;sensor.v792_left_floor;rebgtxxme;1991-12-26 18:17:43
520;sensor.v157_bottom_floor;8773.89;1990-11-15 19:56:19
521;sensor.v771_bottom_floor;uprutxogi;1960-04-12 01:57:21
522;sensor.v115_right_floor;bokfmcjlf;1997-08-25 04:29:26
523;sensor.v915_right_floor;5190.89;1988-03-28 22:13:23
524;sensor.v072_top_floor;6642.52;1990-12-06 20:31:08
525;sensor.v523_bottom_floor;plopvnowv;1961-05-20 22:22:05
526;sensor.v575_top_floor;2587.1;1956-01-28 08:36:12
527;sensor.v641_right_floor;5917.81;1995-01-13 16:34:20
528;sensor.v299_right_floor;kyxosgitf;1968-06-01 09:57:07
529;sensor.v294_top_floor;wfofpsadm;1992-12-09 10:00:10
530;sensor.v717_bottom_floor;813.95;1992-07-01 02:13:55
531;sensor.v050_left_floor;1202.86;1995-09-07 07:06:37
532;sensor.v547_right_floor;812.87;1986-02-03 14:10:15
533;sensor.v447_left_floor;lbirjqswl;1983-11-14 16:19:45
534;sensor.v390_bottom_floor;587.13;1994-12-14 13:56:24
535;sensor.v600_bottom_floor;5087.38;1995-12-26 16:52:15
536;sensor.v126_bottom_floor;532.13;1976-04-16 07:02:29
537;sensor.v822_bottom_floor;7376.51;1982-01-27 16:03:28
538;sensor.v635_left_floor;xsbyagjdt;1979-09-01 10:44:32
539;sensor.v720_top_floor;rfouasagm;1992-04-18 06:02:30
540;sensor.v765_right_floor;cseivsaqc;1977-08-11 21:05:26
541;sensor.v038_left_floor;ydkvhffaj;1971-07-16 13:27:37
542;sensor.v052_left_floor;oomzpysoi;1957-08-06 02:35:51
543;sensor.v662_bottom_floor;6705.51;1987-12-13 10:32:14
544;sensor.v350_right_floor;tjqyjuluh;1958-10-12 23:47:04
545;sensor.v470_top_floor;6647.28;2000-12-07 07:24:41
546;sensor.v883_right_floor;mderiihth;1958-03-10 15:23:24
547;sensor.v690_right_floor;2393.73;1974-08-17 07:52:21
548;sensor.v903_left_floor;8541.3;1971-04-23 02:59:28
549;sensor.v795_left_floor;knwenaekz;1959-08-04 21:01:19
550;sensor.v000_left_floor;bkguuwxsj;1998-11-03 08:42:01
551;sensor.v072_bottom_floor;6503.69;1983-12-18 19:15:54
552;sensor.v175_top_floor;laneuiisc;1998-09-03 20:59:58
553;sensor.v020_right_floor;yrcnxcjik;1989-03-01 21:58:56
554;sensor.v485_right_floor;xjwfpxqnn;1972-02-09 17:31:27
555;sensor.v683_top_floor;xuvpgfeiz;1989-07-08 10:10:12
556;sensor.v322_bottom_floor;ofimwunix;1955-12-27 22:13:17
557;sensor.v369_right_floor;941.76;1998-12-13 22:22:47
558;sensor.v934_bottom_floor;3575.63;1991-08-09 20:26:46
559;sensor.v738_top_floor;ktsuvnrja;1957-03-05 07:08:58
560;sensor.v512_bottom_floor;741.35;1965-11-25 08:49:24
561;sensor.v113_top_floor;7480.49;1953-05-15 01:45:31
562;sensor.v155_top_floor;1375.6;1955-12-12 08:54:17
563;sensor.v385_left_floor;9812.76;1977-03-10 15:42:15
564;sensor.v300_right_floor;dgaostldv;1984-07-12 21:02:50
565;sensor.v729_left_floor;4423.6;1989-05-23 16:37:22
566;sensor.v697_right_floor;zmkhyvxkf;1956-02-20 07:39:12
567;sensor.v359_left_floor;3917.89;1958-03-13 11:58:39
568;sensor.v387_left_floor;2829.43;1976-12-25 01:55:22
569;sensor.v286_bottom_floor;7187.62;1957-06-17 20:57:57
570;sensor.v454_left_floor;niixnvzcf;1979-01-25 10:48:36
571;sensor.v369_left_floor;fdlskeeoc;1999-07-04 05:45:55
572;sensor.v782_top_floor;ohfenjmku;1953-04-27 14:02:16
573;sensor.v132_right_floor;gyfojfqcl;1970-01-01 05:53:41
574;sensor.v727_left_floor;2927.87;1970-03-16 17:07:40
575;sensor.v970_top_floor;3056.22;1959-09-02 11:00:18
576;sensor.v276_left_floor;8071.57;1962-11-22 07:37:56
577;sensor.v223_left_floor;5366.77;1991-07-12 10:44:43
578;sensor.v494_left_floor;457.89;1965-01-15 07:18:04
579;sensor.v184_top_floor;idnkrjwtm;1990-01-19 00:49:59
580;sensor.v283_right_floor;fyjgnwofa;1982-11-21 18:45:59
581;sensor.v236_bottom_floor;ftkqujajt;1967-11-18 15:10:39
582;sensor.v368_bottom_floor;xyduzixju;1986-11-16 08:11:24
583;sensor.v889_bottom_floor;7860.41;1950-01-16 06:48:49
584;sensor.v700_bottom_floor;vgfvyzxcf;1982-08-28 07:58:56
585;sensor.v674_top_floor;3668.83;1950-02-21 19:29:18
586;sensor.v346_left_floor;2531.65;1972-12-18 13:49:45
587;sensor.v213_left_floor;tovunkszo;1971-06-05 17:48:41
588;sensor.v862_bottom_floor;3789.74;1963-06-11 23:30:03
589;sensor.v028_top_floor;4713.41;1982-05-15 02:14:21
590;sensor.v603_right_floor;6258.39;1956-12-26 14:05:01
591;sensor.v435_left_floor;abldbhzqd;1950-05-19 20:41:19
592;sensor.v960_left_floor;7204.19;1980-05-25 08:51:12
593;sensor.v581_top_floor;5765.11;1989-11-05 13:15:04
594;sensor.v198_top_floor;upnbitvhb;1950-07-17 01:21:20
595;sensor.v254_bottom_floor;jifcquryh;1951-11-16 22:55:30
596;sensor.v178_bottom_floor;1788.68;1984-07-26 07:36:08
597;sensor.v687_bottom_floor;yybvfrpue;1976-04-24 23:18:07
598;sensor.v927_top_floor;5265.98;1983-09-25 11:39:06
599;sensor.v315_bottom_floor;4208.34;1966-12-21 15:39:23
600;sensor.v450_left_floor;505.21;1994-02-14 12:03:33
601;sensor.v574_bottom_floor;9330.36;1963-05-20 12:32:54
602;sensor.v760_bottom_floor;kkwebxegz;1953-01-09 13:50:32
603;sensor.v973_top_floor;7675.64;1952-12-16 14:27:28
604;sensor.v717_bottom_floor;eaflznjsy;1989-04-12 16:41:09
605;sensor.v315_bottom_floor;rappzezxb;1956-10-25 07:41:52
606;sensor.v357_left_floor;rpgqluhkd;1977-07-11 01:46:41
607;sensor.v993_left_floor;444.7;2000-12-04 00:23:25
608;sensor.v244_left_floor;jhqfdzadg;1964-04-22 12:32:44
609;sensor.v601_left_floor;sicexxxnc;1977-01-21 07:10:48
610;sensor.v618_top_floor;7356.39;1953-01-05 19:50:32
611;sensor.v274_top_floor;dgzuxkrse;1988-09-15 05:27:40
612;sensor.v916_right_floor;9779.85;1972-05-26 19:37:24
613;sensor.v816_right_floor;7249.81;1998-10-10 09:36:54
614;sensor.v007_right_floor;hfnqaakjx;1964-07-04 08:57:37
615;sensor.v763_bottom_floor;jzvedgdes;1996-02-02 13:55:49
616;sensor.v072_left_floor;dwffkwnwq;1988-03-15 23:03:34
617;sensor.v146_left_floor;inxpxmfas;1991-12-09 01:16:59
618;sensor.v605_right_floor;5573.03;1966-07-13 12:57:50
619;sensor.v943_right_floor;hoeumokka;1953-10-16 03:18:51
620;sensor.v744_bottom_floor;5739.01;1965-09-12 00:54:43
621;sensor.v823_right_floor;6056.14;1970-08-01 21:48:04
622;sensor.v599_right_floor;xcgzruwvh;1985-09-15 01:12:21
623;sensor.v215_right_floor;8816.99;1983-10-14 13:48:19
624;sensor.v503_top_floor;jhfczhsrw;1950-02-09 01:04:41
625;sensor.v373_left_floor;9600.65;1960-03-06 15:58:40
626;sensor.v238_top_floor;3514.04;1968-02-03 00:06:33
627;sensor.v267_top_floor;7136.74;1953-07-25 15:06:25
628;sensor.v585_top_floor;3897.65;1964-05-20 08:25:29
629;sensor.v603_right_floor;oafwbfurx;1950-01-27 06:22:16
630;sensor.v654_top_floor;1296.3;2000-08-19 20:52:48
631;sensor.v937_bottom_floor;btbbftrkk;1965-08-04 03:35:47
632;sensor.v236_bottom_floor;sawmfjkza;1997-04-05 09:55:37
633;sensor.v918_top_floor;4010.28;1970-09-13 23:54:20
634;sensor.v996_left_floor;xivpjuvxw;1978-03-09 20:13:42
635;sensor.v167_bottom_floor;tzxmeejzn;1980-04-11 17:59:21
636;sensor.v253_top_floor;8525.98;1953-01-25 21:48:58
637;sensor.v924_right_floor;6848.48;1974-07-26 21:20:55
638;sensor.v207_top_floor;qrkqibgxq;1978-11-01 19:48:21
639;sensor.v512_right_floor;5064.72;1972-09-23 13:32:20
640;sensor.v401_bottom_floor;813.99;1967-08-06 17:00:12
641;sensor.v916_top_floor;5547.18;1997-04-17 10:00:23
642;sensor.v488_left_floor;9086.98;1995-02-20 12:06:55
643;sensor.v551_right_floor;njhjwbvqq;1993-08-25 17:33:21
644;sensor.v673_top_floor;5876.24;1966-01-02 18:09:40
645;sensor.v504_bottom_floor;2527.76;1956-06-10 05:18:37
646;sensor.v423_right_floor;rxxwpfyyo;1980-04-28 18:32:45
647;sensor.v434_left_floor;jzzctjpkr;1969-04-17 02:24:17
648;sensor.v776_top_floor;1397.6;1993-06-28 08:03:28
649;sensor.v338_right_floor;kzvmmlazf;1956-03-09 07:50:43
650;sensor.v108_right_floor;rdqbnvvdl;1989-01-20 00:13:00
651;sensor.v997_bottom_floor;okrojwwev;1963-12-25 21:09:21
652;sensor.v400_right_floor;835.46;1994-02-03 06:01:02
653;sensor.v737_bottom_floor;1921.75;1996-06-21 00:06:36
654;sensor.v355_right_floor;5613.68;1998-08-27 03:26:25
655;sensor.v341_bottom_floor;3361.13;1976-09-09 17:38:04
656;sensor.v973_bottom_floor;byvfvonbq;1996-05-24 13:36:41
657;sensor.v545_top_floor;fobjxhihg;1969-07-02 13:23:05
658;sensor.v709_top_floor;9630.91;1969-01-28 22:25:18
659;sensor.v589_right_floor;4043.8;1952-12-08 01:53:24
660;sensor.v484_left_floor;1438.49;1969-06-10 03:55:06
661;sensor.v254_right_floor;pdicjfbik;1991-07-05 06:49:48
662;sensor.v622_left_floor;4354.42;1971-03-12 19:43:49
663;sensor.v920_bottom_floor;8577.61;1979-07-08 19:15:48
664;sensor.v172_top_floor;tknjaxsfs;1987-01-24 08:54:04
665;sensor.v368_right_floor;gryloamqf;1993-02-18 08:56:48
666;sensor.v712_right_floor;388.23;1989-04-08 23:20:05
667;sensor.v023_top_floor;9754.93;1987-12-25 03:45:37
668;sensor.v264_bottom_floor;xxqrfhojb;1998-05-15 06:11:22
669;sensor.v468_bottom_floor;2499.09;1954-04-02 07:23:59
670;sensor.v347_right_floor;4976.4;1986-06-04 04:42:03
671;sensor.v982_top_floor;6271.43;1966-09-28 15:50:19
672;sensor.v169_bottom_floor;9096.15;1959-08-21 09:31:26
673;sensor.v696_top_floor;9687.98;1960-09-23 15:53:45
674;sensor.v252_bottom_floor;gqxccvvvi;1969-03-27 09:53:46
675;sensor.v347_top_floor;nvketutqu;1981-01-17 22:46:05
676;sensor.v044_top_floor;ufvrpfsju;1997-06-20 22:27:27
677;sensor.v397_left_floor;cqgekymuf;1986-03-04 13:37:29
678;sensor.v704_top_floor;mgzgxzqgo;1995-11-12 15:59:30
679;sensor.v008_top_floor;fqeautxkh;1964-10-06 05:39:43
680;sensor.v969_top_floor;1957.5;1981-01-15 08:25:23
681;sensor.v501_bottom_floor;mfydgmgfs;2000-10-19 02:44:45
682;sensor.v531_bottom_floor;4521.54;1992-04-18 07:26:40
683;sensor.v476_left_floor;3092.55;1977-09-02 04:07:00
684;sensor.v599_top_floor;dguzivpnh;1973-07-15 10:38:50
685;sensor.v052_right_floor;7787.78;1996-01-12 10:14:23
686;sensor.v577_bottom_floor;detnbrxmf;1998-09-22 23:23:42
687;sensor.v620_top_floor;ettralrkq;1963-05-14 00:43:42
688;sensor.v179_bottom_floor;998.02;1952-10-24 04:14:06
689;sensor.v835_left_floor;580.66;1982-05-14 03:24:07
690;sensor.v207_bottom_floor;9727.8;1957-07-23 22:38:31
691;sensor.v056_left_floor;ysfrvujia;1976-06-28 01:00:09
692;sensor.v296_top_floor;8810.86;1960-07-25 23:21:12
693;sensor.v950_top_floor;aitudeovw;1982-08-21 21:16:48
694;sensor.v178_right_floor;7043.32;1980-09-15 23:00:20
695;sensor.v689_bottom_floor;sbebcsbuf;1952-05-16 19:10:03
696;sensor.v062_right_floor;9190.14;1989-08-22 01:27:00
697;sensor.v007_left_floor;7749.5;1987-08-10 03:30:41
698;sensor.v774_top_floor;umnvyjhlc;1986-05-28 12:07:27
699;sensor.v663_right_floor;6920.3;1991-07-06 13:44:09
700;sensor.v427_bottom_floor;pwpzifkid;1998-11-19 22:43:56
701;sensor.v726_top_floor;8420.91;1991-02-03 17:43:25
702;sensor.v480_right_floor;txtjsbgwx;1954-10-10 22:47:54
703;sensor.v414_bottom_floor;823.54;1995-09-24 16:37:27
704;sensor.v021_right_floor;vxdngjeig;1982-02-07 10:01:07
705;sensor.v214_right_floor;3405.13;1974-08-03 19:32:46
706;sensor.v997_left_floor;6029.85;1998-09-04 03:42:51
707;sensor.v912_right_floor;hiobeyodl;1974-08-26 16:27:20
708;sensor.v894_right_floor;hiotxhejo;1959-09-18 01:01:26
709;sensor.v868_left_floor;pygumwrsm;1998-08-26 18:15:56
710;sensor.v630_left_floor;asaqbxjzx;1964-02-14 02:12:43
711;sensor.v630_left_floor;asaqbxjzx;1964-02-14 02:12:43
712;sensor.v308_bottom_floor;kqbgjwrrg;1975-03-08 13:31:18
713;sensor.v095_left_floor;cdkdnhtdg;1991-01-20 08:26:46
714;sensor.v359_top_floor;ikdxryuni;1975-05-07 19:54:15
715;sensor.v761_right_floor;1684.56;1998-01-07 10:49:24
716;sensor.v823_left_floor;cvgezsjuz;1968-11-07 21:17:33
717;sensor.v393_right_floor;acegfexbq;1968-03-24 01:19:23
718;sensor.v066_left_floor;3871.54;1998-05-14 03:52:32
719;sensor.v066_right_floor;419.34;1984-09-16 12:16:55
720;sensor.v446_right_floor;iotlloqtr;1952-10-02 22:06:52
721;sensor.v166_right_floor;6466.52;1984-10-23 05:22:31
722;sensor.v854_left_floor;6929.75;1982-04-20 07:40:25
723;sensor.v634_top_floor;drahfizcr;1968-06-23 10:59:31
724;sensor.v317_top_floor;ewlucrxnt;1991-04-28 05:50:20
725;sensor.v691_right_floor;pbnxccxlo;1974-10-15 16:17:28
726;sensor.v821_left_floor;3037.31;1994-11-22 01:47:28
727;sensor.v478_right_floor;9388.74;1952-04-23 04:06:41
728;sensor.v833_bottom_floor;6202.68;1950-07-14 00:00:20
729;sensor.v413_bottom_floor;fjokhrwsa;1950-02-09 00:17:26
730;sensor.v973_top_floor;utlgxtmhj;1989-06-16 19:18:54
731;sensor.v767_top_floor;2895.72;1995-02-21 21:38:32
732;sensor.v666_bottom_floor;5126.65;1950-02-01 21:31:24
733;sensor.v431_bottom_floor;3904.21;1976-12-27 13:01:31
734;sensor.v168_left_floor;9007.46;1958-05-09 11:21:23
735;sensor.v308_right_floor;zsulsfibs;1972-10-16 04:24:49
736;sensor.v999_left_floor;khtqbsohy;1960-04-27 05:18:27
737;sensor.v610_left_floor;xvmflkjah;1987-02-16 06:48:37
738;sensor.v212_left_floor;btuxdakfk;1997-09-25 05:16:33
739;sensor.v922_top_floor;gyuzvbsav;1990-04-08 00:00:20
740;sensor.v778_bottom_floor;8541.05;1957-08-26 16:51:53
741;sensor.v721_bottom_floor;1604.57;1963-01-24 03:12:54
742;sensor.v676_top_floor;7237.21;1968-06-06 22:21:07
743;sensor.v024_bottom_floor;7649.04;1983-09-25 22:33:49
744;sensor.v610_left_floor;ouhdpvxjm;1997-07-14 22:52:29
745;sensor.v284_bottom_floor;3500.77;1996-01-27 15:13:04
746;sensor.v198_right_floor;gjthzcbdj;1986-10-15 03:14:33
747;sensor.v824_right_floor;8315.63;1963-08-04 09:13:16
748;sensor.v517_right_floor;uvzgtrwpv;1959-02-05 04:39:59
749;sensor.v424_right_floor;8680.15;1961-11-08 01:38:04
750;sensor.v851_bottom_floor;3060.05;1975-07-25 17:57:54
751;sensor.v228_right_floor;8335.85;1994-06-04 00:29:50
752;sensor.v565_left_floor;6942.44;1987-10-19 12:47:02
753;sensor.v588_top_floor;epttbcloq;1987-03-18 03:53:36
754;sensor.v438_left_floor;aazeutkhq;1954-08-25 01:04:48
755;sensor.v938_left_floor;5122.67;1957-12-14 06:01:18
756;sensor.v837_right_floor;yvykgzqbg;1953-11-28 09:32:07
757;sensor.v542_bottom_floor;2991.9;1980-09-06 13:04:11
758;sensor.v432_bottom_floor;trsypwozd;1952-12-08 02:46:07
759;sensor.v579_right_floor;clpddotps;1971-09-19 07:45:37
760;sensor.v275_right_floor;634.02;1966-01-04 07:16:14
761;sensor.v479_right_floor;gulewbwoo;1969-03-08 19:39:07
762;sensor.v655_left_floor;xmhvjwvbb;1999-01-12 23:45:26
763;sensor.v304_bottom_floor;xaovkgaml;1957-04-15 19:08:54
764;sensor.v588_left_floor;9509.34;1987-11-19 12:12:02
765;sensor.v413_left_floor;8907.3;1960-12-09 18:09:27
766;sensor.v981_left_floor;2503.51;1989-04-27 22:44:11
767;sensor.v941_top_floor;fckdbefaa;1996-07-25 13:41:12
768;sensor.v675_left_floor;kaaxghwci;1988-03-26 09:11:07
769;sensor.v448_bottom_floor;5711.74;1969-12-19 06:40:45
770;sensor.v585_left_floor;5015.73;1972-08-18 13:42:56
771;sensor.v706_bottom_floor;6507.07;1976-07-08 22:24:38
772;sensor.v748_top_floor;3432.88;1952-10-08 05:30:55
773;sensor.v154_right_floor;rfqjhyuhg;1954-10-19 21:51:36
774;sensor.v433_right_floor;5682.18;1981-02-08 09:08:41
775;sensor.v476_bottom_floor;3492.36;1983-05-03 12:43:27
776;sensor.v770_left_floor;eomuvbfob;1993-01-12 23:01:28
777;sensor.v069_right_floor;wfmsrmcsm;1976-11-08 21:29:53
778;sensor.v396_top_floor;cxlumwkol;1962-04-12 11:05:18
779;sensor.v863_top_floor;zvjzxaemp;1978-11-02 10:44:57
780;sensor.v298_top_floor;2249.19;1973-01-23 11:01:07
781;sensor.v905_top_floor;1448.24;1994-04-24 12:00:11
782;sensor.v166_top_floor;fiehpfcxo;1974-05-12 05:10:12
783;sensor.v752_right_floor;mputlmmoh;1953-10-03 18:46:38
784;sensor.v029_right_floor;paqgafgpk;1965-05-01 00:19:43
785;sensor.v779_top_floor;gcvysgfzw;2000-03-25 01:11:29
786;sensor.v945_left_floor;prxyksoop;1974-01-01 06:12:12
787;sensor.v856_left_floor;stejngzzf;2000-10-21 10:27:18
788;sensor.v128_top_floor;6757.16;1997-10-22 01:58:59
789;sensor.v558_right_floor;qfslnvkta;1976-04-07 14:20:03
790;sensor.v769_right_floor;rfilewrsi;1960-04-14 02:09:19
791;sensor.v082_right_floor;6491.21;1956-05-26 08:59:41
792;sensor.v529_left_floor;9882.74;1964-10-11 04:17:31
793;sensor.v946_left_floor;8169.02;1998-09-28 23:17:26
794;sensor.v711_left_floor;8451.56;1985-04-23 21:51:12
795;sensor.v839_right_floor;fixhpjsmq;1952-02-10 08:22:41
796;sensor.v683_bottom_floor;7907.96;1991-05-02 18:01:52
797;sensor.v922_bottom_floor;6323.4;1957-09-25 13:46:28
798;sensor.v625_left_floor;7889.74;1955-03-10 08:04:20
799;sensor.v684_right_floor;6911.28;1958-06-21 16:00:16
800;sensor.v185_right_floor;dpryquddw;1973-09-18 00:22:30
801;sensor.v923_right_floor;6286.31;1965-09-08 01:51:21
802;sensor.v715_bottom_floor;shtousnaa;1951-08-02 14:28:10
803;sensor.v797_left_floor;ijnpvaalg;1994-12-23 15:25:56
804;sensor.v416_right_floor;bohprpatp;1957-09-16 03:09:07
805;sensor.v337_left_floor;9940.15;1981-03-01 04:38:51
806;sensor.v445_top_floor;ujrpqjmjh;1952-08-09 00:40:37
807;sensor.v657_left_floor;1309.38;1951-05-11 19:42:45
808;sensor.v063_left_floor;2730.77;1992-09-25 13:44:56
809;sensor.v571_bottom_floor;rhsvzwesg;1999-04-13 03:51:59
810;sensor.v118_left_floor;ifqvhmnys;1990-04-13 05:32:50
811;sensor.v930_bottom_floor;6733.99;1977-10-09 13:23:08
812;sensor.v625_right_floor;qkablocuc;1991-10-22 15:46:12
813;sensor.v362_left_floor;gymroxxqw;1981-02-04 08:55:13
814;sensor.v581_bottom_floor;5949.13;1977-03-15 15:22:08
815;sensor.v931_top_floor;djhxbpodc;1958-05-23 19:33:57
816;sensor.v168_bottom_floor;6493.8;1955-02-14 02:27:56
817;sensor.v196_bottom_floor;dzpmrzalv;1966-05-21 22:21:18
818;sensor.v807_top_floor;csceowbfh;1985-03-04 03:40:22
819;sensor.v012_right_floor;vnxgzawuz;1996-05-20 23:40:16
820;sensor.v642_left_floor;ixlmjedwg;1995-09-11 06:35:10
821;sensor.v556_bottom_floor;668.42;1976-12-19 12:47:38
822;sensor.v893_left_floor;ixdyjrthv;1962-01-22 09:27:24
823;sensor.v421_bottom_floor;6133.69;1993-08-07 10:32:54
824;sensor.v321_left_floor;9292.99;1981-09-22 13:11:38
825;sensor.v363_top_floor;4979.13;1988-05-12 20:32:36
826;sensor.v654_bottom_floor;eaupfwhiu;1971-01-23 06:31:46
827;sensor.v867_bottom_floor;3993.67;1992-12-15 06:52:28
828;sensor.v587_right_floor;923.26;1971-05-13 12:13:43
829;sensor.v240_right_floor;6700.67;1961-02-08 08:16:28
830;sensor.v015_left_floor;cwwyderiz;1978-10-27 16:14:34
831;sensor.v237_top_floor;3471.07;1953-02-23 00:26:54
832;sensor.v972_bottom_floor;67.86;1993-10-07 10:20:19
833;sensor.v062_top_floor;xczuhbidz;2000-02-15 15:49:39
834;sensor.v031_right_floor;1956.65;1982-09-07 00:43:13
835;sensor.v698_right_floor;1175.16;1991-06-09 09:20:36
836;sensor.v250_top_floor;qhxzvywgp;1990-02-20 06:05:13
837;sensor.v951_right_floor;kbjyijmtj;1964-06-25 10:30:35
838;sensor.v672_top_floor;fskjmesgr;1963-06-18 15:22:05
839;sensor.v893_right_floor;rsxabmitl;1975-10-24 03:29:19
840;sensor.v303_bottom_floor;vwloocuyv;1974-09-06 13:10:43
841;sensor.v467_left_floor;4251.8;1992-08-19 11:34:30
842;sensor.v492_left_floor;fjieegcwr;2000-05-20 06:01:01
843;sensor.v310_top_floor;5185.99;1979-11-19 08:16:24
844;sensor.v301_right_floor;kcerujbnc;1964-09-05 10:31:59
845;sensor.v868_bottom_floor;ojgfbyseb;2000-04-08 07:46:35
846;sensor.v399_bottom_floor;7062.37;1986-01-14 08:51:55
847;sensor.v372_left_floor;6578.99;1977-11-08 01:44:08
848;sensor.v846_top_floor;2768.94;1996-09-21 21:24:10
849;sensor.v461_top_floor;hoadaouzj;1954-08-18 06:12:42
850;sensor.v114_bottom_floor;zktiiwgmz;1976-10-17 20:17:27
851;sensor.v949_top_floor;oqnjnotah;1979-02-07 04:48:40
852;sensor.v284_bottom_floor;3037.69;1968-04-17 20:24:10
853;sensor.v400_left_floor;863.03;1954-06-01 14:32:48
854;sensor.v243_bottom_floor;5842.66;1976-10-23 17:56:13
855;sensor.v341_left_floor;lcrytxtaw;1968-06-05 06:34:45
856;sensor.v114_bottom_floor;6610.81;1989-05-10 07:26:25
857;sensor.v567_bottom_floor;nrciomsgy;1993-02-27 19:28:04
858;sensor.v706_right_floor;6281.26;1986-05-12 22:41:14
859;sensor.v036_top_floor;zpgxcugqw;1955-04-11 04:01:40
860;sensor.v949_bottom_floor;6418.84;1984-08-12 21:50:04
861;sensor.v558_left_floor;9743.07;1972-03-11 01:18:27
862;sensor.v485_top_floor;5005.07;1991-11-25 21:59:28
863;sensor.v065_left_floor;xwepjygkh;1991-02-17 05:25:58
864;sensor.v483_bottom_floor;xfnvjyfup;1977-05-05 23:50:41
865;sensor.v870_right_floor;7451.2;1950-01-01 20:57:43
866;sensor.v634_bottom_floor;3846.54;1971-01-14 14:19:05
867;sensor.v751_bottom_floor;nvqsldyoz;1994-10-24 01:30:29
868;sensor.v240_left_floor;vcpepzioa;1969-03-20 12:24:21
869;sensor.v188_right_floor;yabzpmrhl;1989-11-28 23:25:56
870;sensor.v771_top_floor;9892.22;1979-02-25 03:05:08
871;sensor.v057_right_floor;6681.45;1974-02-10 08:39:27
872;sensor.v881_left_floor;2755.25;1974-08-26 03:24:52
873;sensor.v003_right_floor;2598.99;1983-07-05 09:19:10
874;sensor.v780_top_floor;fsnjowzwj;1988-10-24 00:57:58
875;sensor.v674_bottom_floor;snxcscxdg;1995-01-22 08:32:27
876;sensor.v162_bottom_floor;eqztuxojf;1967-07-05 22:07:45
877;sensor.v261_bottom_floor;2540.78;1988-05-02 18:29:31
878;sensor.v937_right_floor;ozmqhzmal;1997-02-06 06:46:25
879;sensor.v737_left_floor;scabfyztv;1992-01-13 03:47:24
880;sensor.v005_bottom_floor;4467.8;1977-05-03 08:30:19
881;sensor.v672_top_floor;6255.42;1963-05-24 13:36:50
882;sensor.v914_left_floor;7400.05;1950-03-07 15:33:22
883;sensor.v252_right_floor;1783.37;1980-10-19 17:00:27
884;sensor.v540_left_floor;9294.58;1971-06-23 21:51:51
885;sensor.v902_right_floor;zyymhgohs;1950-03-08 08:23:09
886;sensor.v413_top_floor;3771.76;1979-01-02 15:45:08
887;sensor.v559_top_floor;fznvptjuv;1973-09-25 18:03:09
888;sensor.v223_left_floor;kxhplubzl;2000-01-27 23:36:44
889;sensor.v166_bottom_floor;6846.33;1950-01-20 23:12:56
890;sensor.v970_right_floor;qjlallcsx;1978-06-13 20:41:24
891;sensor.v194_right_floor;9228.5;1974-05-25 03:37:41
892;sensor.v636_bottom_floor;lsorgqobf;1983-07-19 04:40:23
893;sensor.v015_left_floor;8511.02;1996-04-24 23:48:55
894;sensor.v811_left_floor;perdaahff;1989-06-15 14:06:40
895;sensor.v460_left_floor;gpzaecagv;1976-03-09 02:51:51
896;sensor.v174_right_floor;1136.59;1998-03-02 10:18:52
897;sensor.v263_bottom_floor;2820.79;1993-05-05 22:27:40
898;sensor.v188_top_floor;7119.3;1963-02-20 14:30:52
899;sensor.v510_left_floor;vmzrilmrh;1961-09-16 11:47:05
900;sensor.v934_bottom_floor;4892.17;1976-03-27 23:15:01
901;sensor.v051_top_floor;hmfykdoai;1971-11-16 23:58:56
902;sensor.v778_right_floor;2547.01;1986-07-24 13:05:18
903;sensor.v742_bottom_floor;9366.97;1982-03-24 06:36:13
904;sensor.v272_left_floor;7969.75;1978-05-09 03:01:14
905;sensor.v419_bottom_floor;ktorjxvfy;1952-03-02 12:13:43
906;sensor.v191_left_floor;xvbkevrrl;1989-03-23 02:08:34
907;sensor.v973_bottom_floor;7506.63;1973-03-26 09:27:59
908;sensor.v503_left_floor;ocwtghdzr;1983-05-09 15:52:16
909;sensor.v870_right_floor;3498.07;1957-11-27 00:41:50
910;sensor.v030_top_floor;gmgsnvpia;1971-12-22 20:07:19
911;sensor.v314_left_floor;2405.22;1981-02-12 17:11:44
912;sensor.v159_bottom_floor;4182.4;1986-08-07 13:17:09
913;sensor.v833_right_floor;6248.78;1983-11-05 19:38:32
914;sensor.v679_top_floor;3495.17;1985-04-21 14:59:34
915;sensor.v246_bottom_floor;4112.71;1983-12-08 13:31:50
916;sensor.v929_right_floor;2788.73;1968-01-17 19:29:43
917;sensor.v309_bottom_floor;xdkygurmr;1976-09-18 11:45:00
918;sensor.v981_left_floor;prhhrqick;1961-12-23 02:34:01
919;sensor.v905_bottom_floor;wjrbvjfld;1961-11-17 08:58:30
920;sensor.v198_right_floor;vnmlzczdi;1998-02-19 23:52:37
921;sensor.v054_left_floor;9603.0;1989-03-05 21:37:17
922;sensor.v714_top_floor;1854.52;1953-04-17 03:58:10
923;sensor.v873_bottom_floor;1723.27;1969-04-27 18:29:46
924;sensor.v865_right_floor;5929.83;1971-09-28 09:37:10
925;sensor.v595_bottom_floor;tpmepfeyz;1964-09-09 08:39:54
926;sensor.v650_top_floor;wpjpvqvkd;1958-07-16 23:49:28
927;sensor.v510_left_floor;vrbzrowtl;1987-01-14 05:53:48
928;sensor.v414_top_floor;kqoofbplh;2000-07-24 14:12:14
929;sensor.v400_right_floor;7583.18;1982-02-16 08:38:54
930;sensor.v727_bottom_floor;wwugnvkqi;1992-01-17 21:18:10
931;sensor.v687_top_floor;kxogczksq;1963-06-17 07:42:08
932;sensor.v906_bottom_floor;8903.95;1960-07-07 09:49:43
933;sensor.v299_top_floor;2510.61;1953-12-05 08:28:00
934;sensor.v761_bottom_floor;yeyssdqwi;1986-03-14 23:25:26
935;sensor.v844_bottom_floor;4312.1;2000-06-07 15:32:28
936;sensor.v316_top_floor;wkzeknjku;1987-02-01 19:19:02
937;sensor.v501_left_floor;spcniagss;1956-01-13 08:58:03
938;sensor.v414_top_floor;zmpyovpxh;1968-04-10 19:33:26
939;sensor.v353_left_floor;4870.94;1964-01-09 07:44:22
940;sensor.v641_bottom_floor;cqovuyesf;1950-09-22 23:29:53
941;sensor.v189_top_floor;137.14;1974-01-16 08:09:50
942;sensor.v939_right_floor;ozqocmssd;1990-01-18 21:50:56
943;sensor.v284_top_floor;5889.44;1985-03-28 23:34:04
944;sensor.v395_right_floor;akgnuqnfv;1994-03-06 16:53:37
945;sensor.v792_top_floor;5596.08;1979-10-10 13:29:35
946;sensor.v318_left_floor;7105.18;1956-07-17 12:06:05
947;sensor.v388_top_floor;yzohyqzfj;1979-02-07 06:34:24
948;sensor.v607_top_floor;grjihvrpt;1975-05-15 13:22:10
949;sensor.v019_right_floor;nougfdrch;1976-11-14 07:35:33
950;sensor.v006_top_floor;946.26;1956-09-16 05:12:20
951;sensor.v036_top_floor;1449.4;1987-12-16 13:09:26
952;sensor.v768_bottom_floor;mfmfpikok;1963-05-18 23:34:55
953;sensor.v984_right_floor;voxvcjkem;1963-10-13 03:58:43
954;sensor.v142_top_floor;5421.85;1984-11-07 03:30:31
955;sensor.v428_left_floor;kjguxiixl;1958-08-01 14:59:12
956;sensor.v987_top_floor;xeotnvaaa;1970-03-03 23:51:49
957;sensor.v962_bottom_floor;8567.73;1957-08-20 07:40:32
958;sensor.v753_right_floor;9987.03;1961-03-16 11:42:30
959;sensor.v062_left_floor;5992.95;1991-06-14 20:27:19
960;sensor.v437_top_floor;6586.85;1974-01-14 04:59:33
961;sensor.v334_top_floor;sjmejfqvj;1973-08-20 04:33:32
962;sensor.v115_right_floor;ezvwmvxrn;1998-10-02 12:04:02
963;sensor.v451_top_floor;aamvgwfbz;1988-07-22 07:39:31
964;sensor.v587_top_floor;ganyzkode;1988-08-13 22:39:26
965;sensor.v007_top_floor;syvrlqnys;1980-01-02 15:33:12
966;sensor.v423_left_floor;blitdlqhz;1970-04-18 11:33:13
967;sensor.v366_left_floor;253.73;1960-02-06 15:20:26
968;sensor.v373_right_floor;hzlptfvkt;1998-05-08 04:47:39
969;sensor.v565_top_floor;5063.57;1989-05-06 01:43:26
970;sensor.v756_left_floor;exdahsxhj;1957-12-24 20:30:34
971;sensor.v961_top_floor;4518.36;1991-06-01 01:06:52
972;sensor.v890_right_floor;dpbahzvew;1994-09-06 01:47:21
973;sensor.v255_right_floor;gsawoedpv;1968-06-17 21:10:07
974;sensor.v669_bottom_floor;ngpqgcxyt;1981-05-04 18:10:51
975;sensor.v853_bottom_floor;6896.8;1986-01-06 15:56:49
976;sensor.v931_bottom_floor;kwgrbwiis;1995-12-19 15:58:01
977;sensor.v636_top_floor;1763.14;1965-01-24 23:57:50
978;sensor.v130_left_floor;5944.5;1969-04-13 11:51:03
979;sensor.v861_right_floor;9580.42;1985-10-14 03:08:51
980;sensor.v671_top_floor;434.78;1952-03-01 14:48:05
981;sensor.v330_left_floor;ohfqpigbq;1977-06-09 20:54:41
982;sensor.v385_left_floor;670.52;1957-09-11 09:30:50
983;sensor.v382_right_floor;vuvlbckwh;1997-01-03 10:41:48
984;sensor.v834_top_floor;lmvekxhrd;1994-11-08 00:41:30
985;sensor.v453_bottom_floor;opubemwed;1978-03-13 11:29:53
986;sensor.v951_right_floor;9745.4;1965-05-25 17:41:55
987;sensor.v019_left_floor;7755.44;1995-05-02 20:49:51
988;sensor.v215_top_floor;1255.61;1997-04-16 13:21:45
989;sensor.v596_right_floor;8933.56;1967-09-26 18:32:43
990;sensor.v936_left_floor;fdxmfjgsb;1965-01-27 23:27:05
991;sensor.v090_top_floor;3869.08;1993-01-24 14:39:35
992;sensor.v116_right_floor;xyaqswbdp;1982-02-24 08:40:24
993;sensor.v868_left_floor;rzcdsgnmd;1966-10-20 00:45:23
994;sensor.v756_top_floor;tvgyihxrk;1967-09-19 09:02:05
995;sensor.v621_bottom_floor;302.46;1954-05-27 04:45:29
996;sensor.v214_bottom_floor;4553.28;1983-10-06 04:33:40
997;sensor.v806_right_floor;4057.16;1954-11-02 18:13:55
998;sensor.v185_right_floor;8428.97;1992-03-12 16:11:49
999;sensor.v228_left_floor;4732.78;1954-06-19 22:04:20
