;name;value;timestamp
0;sensor.v105_right_floor;mhruvbkay;1990-07-23 18:28:54
1;sensor.v555_top_floor;4068.44;1985-10-04 14:53:03
2;sensor.v285_left_floor;astbnhdjx;1975-04-12 17:09:38
3;sensor.v192_top_floor;kgwkhftkd;1988-03-13 00:50:23
4;sensor.v555_bottom_floor;rbmpqudvr;1954-03-24 10:00:34
5;sensor.v813_left_floor;3127.53;1999-03-01 22:56:55
6;sensor.v666_left_floor;4810.59;1976-01-07 21:27:40
7;sensor.v245_bottom_floor;uoehfvtwb;1955-11-10 13:48:12
8;sensor.v673_bottom_floor;wijcilhko;1979-03-23 18:57:55
9;sensor.v460_right_floor;oarvbabkm;1996-09-21 07:24:36
10;sensor.v063_top_floor;ydqwctsxo;1975-09-12 10:32:40
11;sensor.v349_right_floor;etezcaljc;1983-12-16 19:48:42
12;sensor.v505_bottom_floor;5694.56;1997-04-28 22:20:38
13;sensor.v576_right_floor;850.86;1958-06-22 15:33:08
14;sensor.v052_right_floor;anapqvbdv;1972-03-20 02:57:09
15;sensor.v368_top_floor;jwdlnldou;1960-04-04 17:53:40
16;sensor.v160_left_floor;kjvackxcl;1950-08-09 03:27:52
17;sensor.v638_left_floor;8486.31;1969-09-28 19:28:56
18;sensor.v944_bottom_floor;3116.61;1992-08-26 03:24:09
19;sensor.v870_bottom_floor;8034.31;1956-03-15 19:44:09
20;sensor.v749_top_floor;ulcrutvwk;1994-07-08 02:19:29
21;sensor.v087_left_floor;lhobxdlmf;1995-06-22 15:24:34
22;sensor.v447_top_floor;gdavlxkmp;1973-09-26 15:18:15
23;sensor.v431_left_floor;wzutvvaaw;1961-04-01 21:32:08
24;sensor.v976_left_floor;5881.85;1958-04-26 13:14:17
25;sensor.v226_right_floor;yazxdetxj;1991-06-11 03:28:37
26;sensor.v166_bottom_floor;vesxgyvzl;1980-11-07 12:26:11
27;sensor.v978_top_floor;txzlxmoox;1992-02-17 18:45:12
28;sensor.v788_left_floor;ecfapyceq;1996-10-09 21:13:59
29;sensor.v210_right_floor;kczfddiaz;1955-10-16 16:32:29
30;sensor.v962_bottom_floor;7152.09;1988-03-08 07:09:12
31;sensor.v130_right_floor;xzagfgwph;1952-11-08 22:17:19
32;sensor.v337_left_floor;7346.2;1955-11-07 11:31:20
33;sensor.v637_bottom_floor;zrlgwkrwm;1950-06-28 16:39:36
34;sensor.v560_left_floor;8820.97;1971-01-24 08:57:40
35;sensor.v719_bottom_floor;9413.07;1969-03-26 20:44:45
36;sensor.v721_bottom_floor;xwebkvaoi;1996-05-21 16:33:14
37;sensor.v936_bottom_floor;cvmnebpge;1958-05-21 11:19:20
38;sensor.v713_right_floor;pjicitjzr;1993-10-17 11:03:51
39;sensor.v516_left_floor;4060.65;1982-09-22 07:51:42
40;sensor.v480_right_floor;jealogmcm;1991-06-20 19:36:38
41;sensor.v981_bottom_floor;lzlrgjmnh;1995-02-08 04:42:56
42;sensor.v883_left_floor;xutjdfjbe;1957-08-25 08:28:11
43;sensor.v851_top_floor;sctbhpnqp;1975-09-23 02:22:52
44;sensor.v851_top_floor;sctbhpnqp;1975-09-23 02:22:52
45;sensor.v462_right_floor;1948.35;1959-07-22 20:29:40
46;sensor.v880_bottom_floor;ftajvwexv;1998-04-12 07:14:45
47;sensor.v908_top_floor;vedflwtxd;1992-02-02 08:53:33
48;sensor.v904_top_floor;9066.6;1984-01-18 07:39:00
49;sensor.v440_right_floor;4680.94;1988-06-07 07:34:34
50;sensor.v078_bottom_floor;glwtizjgw;1978-01-23 11:06:20
51;sensor.v735_top_floor;pgljmuweu;1978-10-06 15:42:17
52;sensor.v568_top_floor;soygafyfa;2000-03-03 11:09:11
53;sensor.v751_left_floor;9216.58;1954-11-08 21:11:09
54;sensor.v701_left_floor;536.06;1985-02-21 16:08:20
55;sensor.v324_right_floor;4429.85;1967-10-24 03:18:28
56;sensor.v663_bottom_floor;nsdsfscal;1993-09-18 03:11:29
57;sensor.v479_bottom_floor;xouyhnlwj;1989-04-02 14:59:22
58;sensor.v973_right_floor;gfjidumnz;1966-04-08 10:25:44
59;sensor.v171_left_floor;fepyihkvf;1967-05-21 23:06:48
60;sensor.v400_top_floor;mtkasnlnc;1998-02-15 20:59:46
61;sensor.v118_left_floor;7254.93;1982-02-01 16:16:54
62;sensor.v875_top_floor;uxcsygkhx;1960-11-16 17:51:32
63;sensor.v226_right_floor;4659.69;1991-06-10 00:26:14
64;sensor.v985_bottom_floor;hkcazxbnr;1981-10-04 12:14:07
65;sensor.v445_right_floor;7940.72;1985-06-01 14:28:16
66;sensor.v153_top_floor;5949.91;1982-12-01 08:37:00
67;sensor.v727_left_floor;4709.9;1951-10-11 02:18:25
68;sensor.v349_top_floor;oidgzxbka;1972-08-06 19:39:23
69;sensor.v433_bottom_floor;oavtfplra;1975-10-11 15:37:01
70;sensor.v519_top_floor;qjmnjgtoz;1980-09-08 14:21:58
71;sensor.v675_left_floor;pvzdkclpz;1995-07-23 02:41:48
72;sensor.v206_bottom_floor;nhneoosdc;1952-11-18 16:53:47
73;sensor.v668_right_floor;4485.94;1968-05-24 19:36:05
74;sensor.v038_top_floor;4912.28;1987-07-23 21:32:58
75;sensor.v962_right_floor;yqtvpqlvu;1961-07-04 23:08:46
76;sensor.v669_left_floor;vzarxeuwi;1953-01-04 22:56:00
77;sensor.v982_left_floor;3881.6;1989-02-18 19:56:35
78;sensor.v744_right_floor;5676.51;1952-04-18 04:29:36
79;sensor.v106_top_floor;7130.54;1970-03-07 07:23:11
80;sensor.v498_bottom_floor;8384.29;1985-07-11 22:35:11
81;sensor.v165_right_floor;popnhjncd;1954-08-17 19:36:12
82;sensor.v476_bottom_floor;3127.79;1983-11-12 04:20:22
83;sensor.v861_bottom_floor;6338.52;1964-11-23 02:03:23
84;sensor.v890_bottom_floor;2390.92;1996-06-13 17:33:41
85;sensor.v697_right_floor;6512.85;1994-08-14 18:05:49
86;sensor.v355_top_floor;1309.54;1973-11-22 22:13:34
87;sensor.v997_bottom_floor;8880.84;1987-11-20 11:04:58
88;sensor.v918_top_floor;7370.14;1965-05-05 23:26:27
89;sensor.v035_bottom_floor;rijsedcui;1963-09-19 01:07:11
90;sensor.v482_bottom_floor;2008.16;1959-10-20 00:46:08
91;sensor.v897_top_floor;xtenasysf;1962-06-26 21:12:10
92;sensor.v816_bottom_floor;5618.94;1951-12-12 01:18:01
93;sensor.v625_bottom_floor;8941.85;1989-06-13 18:42:48
94;sensor.v003_left_floor;kvddhpeet;1961-05-01 02:36:56
95;sensor.v889_right_floor;nbzgcyabp;1952-01-19 20:49:18
96;sensor.v609_right_floor;2611.88;1951-11-17 19:06:54
97;sensor.v946_right_floor;sgeyyeuzn;1967-02-06 08:44:34
98;sensor.v045_right_floor;cceexrjrf;2000-05-23 11:02:53
99;sensor.v276_bottom_floor;1330.07;1968-09-24 10:16:34
100;sensor.v818_left_floor;bmphuyfzc;1977-10-27 23:10:39
101;sensor.v428_right_floor;1362.88;2000-04-16 10:57:43
102;sensor.v558_bottom_floor;594.84;1987-01-21 10:47:31
103;sensor.v377_bottom_floor;mjkykndda;1954-03-28 06:27:58
104;sensor.v383_right_floor;etavbtove;1968-06-12 00:50:02
105;sensor.v918_left_floor;srbavacgq;1959-07-08 10:00:04
106;sensor.v419_top_floor;nebzlpmgf;1965-09-25 22:31:53
107;sensor.v330_bottom_floor;vlxphhuli;1974-07-19 01:47:14
108;sensor.v938_top_floor;4705.86;1983-12-15 14:27:08
109;sensor.v551_top_floor;7928.81;1961-10-09 06:17:16
110;sensor.v820_top_floor;skdhvpskm;1983-12-21 07:26:13
111;sensor.v451_bottom_floor;2856.44;1970-06-25 04:51:40
112;sensor.v832_bottom_floor;2197.67;1978-01-12 19:23:15
113;sensor.v266_right_floor;6514.83;1985-02-09 04:09:51
114;sensor.v813_left_floor;ktmmmqmlh;1977-06-17 17:40:07
115;sensor.v899_top_floor;lomvhfabo;1980-06-16 21:20:22
116;sensor.v165_top_floor;mzkshlchj;1979-04-09 21:15:02
117;sensor.v684_right_floor;8199.67;1965-05-22 00:40:15
118;sensor.v146_left_floor;6339.25;1971-10-09 13:45:29
119;sensor.v025_left_floor;xdasvvcho;1960-08-21 19:45:36
120;sensor.v398_bottom_floor;6927.24;1963-11-04 21:19:28
121;sensor.v868_bottom_floor;hxjzfbkva;2000-09-22 14:44:57
122;sensor.v098_top_floor;4493.4;1986-07-25 17:30:07
123;sensor.v244_left_floor;1893.42;1968-04-01 15:23:45
124;sensor.v713_top_floor;evrpmvgbb;1966-04-08 10:30:11
125;sensor.v173_bottom_floor;pvnljwmak;1978-03-28 23:21:17
126;sensor.v077_bottom_floor;8961.33;1994-01-13 10:53:07
127;sensor.v345_top_floor;2618.63;1964-02-21 14:15:01
128;sensor.v232_left_floor;wgcxgsxll;1958-02-04 03:52:55
129;sensor.v851_top_floor;3950.82;1968-11-04 23:33:35
130;sensor.v427_left_floor;1101.59;1992-01-28 11:40:34
131;sensor.v868_right_floor;5481.12;1981-07-09 07:20:29
132;sensor.v512_left_floor;annesmbwc;1988-04-02 22:06:16
133;sensor.v914_top_floor;pnjmsprsb;1998-08-15 12:56:04
134;sensor.v673_top_floor;392.46;1985-03-13 11:31:51
135;sensor.v397_left_floor;idaclfqgq;1960-03-12 03:15:53
136;sensor.v914_right_floor;ixraaeaft;1960-02-17 01:35:49
137;sensor.v333_bottom_floor;6681.34;1978-02-03 10:49:27
138;sensor.v133_top_floor;3866.99;1985-09-09 08:12:04
139;sensor.v187_right_floor;1111.65;1957-05-13 11:29:27
140;sensor.v248_left_floor;9159.15;1986-06-28 14:07:34
141;sensor.v173_top_floor;5440.14;1997-04-17 19:07:08
142;sensor.v228_right_floor;9074.18;1969-01-06 13:16:20
143;sensor.v791_right_floor;eguahujne;1973-08-11 15:23:52
144;sensor.v633_bottom_floor;lucoojeug;1965-12-24 05:40:03
145;sensor.v392_top_floor;1339.62;1980-04-28 17:26:18
146;sensor.v634_left_floor;749.44;1965-02-14 18:44:22
147;sensor.v551_bottom_floor;ruwiwwymq;1953-06-07 15:04:53
148;sensor.v595_right_floor;9329.03;1990-10-08 05:23:03
149;sensor.v956_right_floor;53.57;1988-05-22 11:15:27
150;sensor.v022_left_floor;6544.99;1962-10-02 10:49:06
151;sensor.v137_left_floor;ypfzeucaz;1995-12-18 10:32:06
152;sensor.v877_left_floor;sdrxuxnbe;1983-05-28 02:43:17
153;sensor.v307_top_floor;pcpmuzsnz;1952-05-18 12:26:41
154;sensor.v321_left_floor;5790.36;1988-03-09 16:37:03
155;sensor.v435_left_floor;5430.9;1955-01-21 00:40:58
156;sensor.v919_right_floor;llnamyjqa;1981-09-23 17:12:27
157;sensor.v559_right_floor;qnjnbzexk;1986-01-21 18:44:12
158;sensor.v656_left_floor;3882.22;2000-12-16 01:01:52
159;sensor.v225_top_floor;lgtzndyip;1997-02-05 21:00:38
160;sensor.v716_bottom_floor;6009.09;1955-03-04 02:05:34
161;sensor.v212_top_floor;gvpzreqcf;1967-10-26 23:08:22
162;sensor.v644_bottom_floor;9694.9;1998-12-20 10:23:51
163;sensor.v324_right_floor;icpthaoqb;1952-05-19 04:31:44
164;sensor.v944_right_floor;tcpgukbiu;1951-12-10 11:20:41
165;sensor.v434_top_floor;lqmnotnql;1966-04-25 06:46:29
166;sensor.v924_bottom_floor;7902.69;1993-04-24 11:06:07
167;sensor.v282_right_floor;xeslzwfvv;1962-02-07 17:42:49
168;sensor.v057_top_floor;fffsbiiqq;1981-02-28 14:00:17
169;sensor.v418_top_floor;6901.23;1987-02-27 14:38:33
170;sensor.v541_left_floor;801.72;1959-09-21 21:58:20
171;sensor.v081_top_floor;2699.18;1989-07-10 23:23:20
172;sensor.v208_left_floor;iqcqvnrvc;1994-09-20 21:11:14
173;sensor.v245_top_floor;uvkoxaapx;1967-03-03 05:57:22
174;sensor.v829_top_floor;7031.12;1965-02-22 08:44:34
175;sensor.v358_left_floor;7233.1;1950-07-06 10:13:53
176;sensor.v388_top_floor;izlqfcfbb;1991-07-04 15:54:26
177;sensor.v707_left_floor;pqytqbsbe;1962-01-03 01:10:55
178;sensor.v581_right_floor;7234.57;1976-07-27 06:08:05
179;sensor.v687_right_floor;4613.79;1985-07-08 14:44:02
180;sensor.v467_right_floor;9970.42;1950-05-19 20:33:03
181;sensor.v502_left_floor;9380.25;1982-05-03 01:15:57
182;sensor.v017_left_floor;7310.14;1972-01-10 12:47:07
183;sensor.v218_top_floor;2402.49;1998-03-15 15:09:07
184;sensor.v836_bottom_floor;45.22;1998-07-04 14:21:47
185;sensor.v954_left_floor;4229.1;1965-12-27 00:37:48
186;sensor.v692_right_floor;kjvwmsqii;1969-12-24 05:57:21
187;sensor.v549_top_floor;twglxgdfu;1952-12-25 21:13:36
188;sensor.v923_top_floor;pninnpabx;1980-11-24 15:52:08
189;sensor.v804_left_floor;whczniebn;1984-08-12 04:43:12
190;sensor.v243_bottom_floor;4259.61;1988-03-05 06:21:13
191;sensor.v458_top_floor;kwzczabvs;1988-03-14 16:46:44
192;sensor.v380_top_floor;8179.97;1965-06-25 09:07:19
193;sensor.v878_top_floor;ntklbimwi;1987-03-01 16:36:52
194;sensor.v777_bottom_floor;221.98;1983-03-16 09:08:32
195;sensor.v353_left_floor;gjxjxzyps;1958-04-05 04:23:14
196;sensor.v334_right_floor;ukqiejbwe;1962-02-08 08:19:07
197;sensor.v102_top_floor;2346.05;1963-09-19 00:02:54
198;sensor.v258_top_floor;5923.14;1995-02-13 10:45:16
199;sensor.v485_bottom_floor;lztvrdmfk;1957-12-14 07:48:59
200;sensor.v152_left_floor;qepothzwr;1975-01-14 11:12:07
201;sensor.v277_top_floor;ewsprobga;1995-07-11 09:37:23
202;sensor.v507_left_floor;ptklhfocq;1955-07-03 11:29:24
203;sensor.v645_right_floor;izkekccmp;1987-06-03 23:00:08
204;sensor.v381_left_floor;ghsepsknr;1970-08-11 05:05:09
205;sensor.v554_top_floor;cjxzdvkoi;1951-02-15 15:24:47
206;sensor.v999_top_floor;3659.75;1981-02-26 16:05:20
207;sensor.v490_right_floor;gwjnqjzui;1956-08-08 09:41:16
208;sensor.v838_left_floor;813.66;1997-10-24 11:43:24
209;sensor.v763_bottom_floor;bmcvokhkm;1989-08-09 07:34:09
210;sensor.v217_left_floor;2817.53;1966-02-06 23:04:38
211;sensor.v848_left_floor;3713.83;1980-03-18 11:42:04
212;sensor.v351_bottom_floor;qnkhfupje;1999-02-20 08:41:28
213;sensor.v657_top_floor;grqfsvieo;1983-11-07 08:11:01
214;sensor.v481_bottom_floor;moenmwqzg;1959-05-14 19:04:59
215;sensor.v835_top_floor;7339.94;1970-09-28 00:59:30
216;sensor.v985_bottom_floor;5290.7;1963-07-22 09:15:18
217;sensor.v882_right_floor;4366.8;1966-12-24 00:47:37
218;sensor.v418_bottom_floor;vtfwtqnpz;1965-03-14 10:34:39
219;sensor.v351_bottom_floor;rhleoftod;1968-01-03 09:06:13
220;sensor.v479_top_floor;vvjyehdfj;1954-04-22 09:00:52
221;sensor.v605_top_floor;kprookswl;1955-10-14 22:36:52
222;sensor.v509_bottom_floor;2230.38;1992-09-06 22:20:53
223;sensor.v300_bottom_floor;3578.63;1997-03-18 22:16:07
224;sensor.v896_left_floor;8160.36;1952-12-26 14:39:35
225;sensor.v438_right_floor;1400.5;1987-12-19 21:25:36
226;sensor.v915_bottom_floor;hwztkmfrr;2000-09-24 16:33:18
227;sensor.v119_top_floor;6011.66;1981-08-22 08:35:44
228;sensor.v275_bottom_floor;1638.2;1967-10-22 18:17:51
229;sensor.v103_right_floor;3327.4;1979-04-20 05:31:06
230;sensor.v118_right_floor;1572.5;1970-07-23 23:34:23
231;sensor.v122_right_floor;akwnlntku;1975-02-19 12:56:37
232;sensor.v361_top_floor;rxwxfeogm;1966-03-10 16:09:36
233;sensor.v993_top_floor;uxvlxcbbo;1977-01-23 00:04:15
234;sensor.v573_top_floor;bvdncxilq;1995-07-11 00:35:43
235;sensor.v375_bottom_floor;2318.72;1977-12-28 15:59:02
236;sensor.v025_left_floor;203.42;1955-03-26 05:26:09
237;sensor.v936_right_floor;8935.1;1993-11-11 16:12:19
238;sensor.v809_left_floor;zriqqktgr;1962-09-10 12:48:27
239;sensor.v074_right_floor;zpiinqwwr;1954-03-13 07:25:16
240;sensor.v510_left_floor;3109.66;1972-06-14 01:24:55
241;sensor.v940_top_floor;kxinxklyh;1975-06-25 17:48:02
242;sensor.v453_bottom_floor;9485.17;1958-10-27 07:49:05
243;sensor.v247_top_floor;itnuhxocs;1971-01-12 03:20:20
244;sensor.v667_left_floor;7892.44;1968-07-19 02:58:25
245;sensor.v403_right_floor;yxbqqqpdm;1981-12-20 10:09:25
246;sensor.v213_top_floor;anrrhczkb;1961-09-26 08:24:18
247;sensor.v746_bottom_floor;2411.29;1978-08-05 23:39:31
248;sensor.v618_right_floor;7091.7;1980-02-12 21:16:19
249;sensor.v455_bottom_floor;4955.56;1954-07-07 08:58:09
250;sensor.v775_right_floor;1675.68;1967-09-26 20:04:30
251;sensor.v365_right_floor;1094.79;1975-08-06 21:44:42
252;sensor.v655_top_floor;urddrxgyz;1984-01-05 10:27:18
253;sensor.v863_top_floor;288.63;1962-11-19 09:14:28
254;sensor.v017_left_floor;4050.71;1963-07-04 20:02:53
255;sensor.v030_right_floor;3500.4;1990-02-26 00:59:14
256;sensor.v523_right_floor;tihahezjc;1979-10-24 06:36:24
257;sensor.v860_right_floor;molpbwaeg;1955-04-19 00:11:55
258;sensor.v191_bottom_floor;7673.55;1954-03-12 17:02:32
259;sensor.v100_bottom_floor;jxreqdgtn;1999-04-05 09:25:23
260;sensor.v974_top_floor;3946.0;1952-10-03 02:26:26
261;sensor.v876_bottom_floor;3495.21;1990-09-26 06:16:41
262;sensor.v917_top_floor;7471.57;1962-10-24 14:41:28
263;sensor.v649_right_floor;462.01;1997-12-20 02:39:00
264;sensor.v624_top_floor;5145.26;1965-07-15 13:22:03
265;sensor.v830_top_floor;itnqepofc;2000-05-28 11:52:48
266;sensor.v053_right_floor;uwwrvphjw;1965-10-01 23:47:00
267;sensor.v438_left_floor;yniazzckq;1990-05-01 12:10:11
268;sensor.v382_right_floor;mbsdngthk;1997-06-06 00:36:22
269;sensor.v512_right_floor;gydjqhnub;1973-07-01 14:03:35
270;sensor.v706_right_floor;2300.56;1989-03-06 04:00:24
271;sensor.v699_left_floor;5035.98;1976-10-28 19:51:52
272;sensor.v383_top_floor;guovruulv;1993-05-25 15:52:16
273;sensor.v245_bottom_floor;qcmeplpqw;1955-06-13 11:47:36
274;sensor.v676_top_floor;2883.78;1986-02-15 14:12:48
275;sensor.v967_right_floor;9284.96;1973-03-13 19:01:40
276;sensor.v655_bottom_floor;5650.16;1994-04-25 19:40:38
277;sensor.v435_top_floor;4807.76;1977-04-17 20:58:23
278;sensor.v094_right_floor;mmutdurjx;1983-04-25 11:33:52
279;sensor.v514_right_floor;qwvpwutvr;1964-05-22 03:36:28
280;sensor.v885_top_floor;aeuoqsdcb;1972-01-28 13:49:05
281;sensor.v419_bottom_floor;bgenvzqqs;1952-01-15 10:34:34
282;sensor.v875_bottom_floor;kmkzeavjr;1961-03-27 05:57:32
283;sensor.v440_bottom_floor;2191.7;1982-05-07 22:39:36
284;sensor.v873_bottom_floor;tvuhwihcr;1985-09-01 15:16:16
285;sensor.v438_top_floor;hacfukcnq;1956-06-11 06:15:30
286;sensor.v999_right_floor;4650.11;1978-01-28 14:12:26
287;sensor.v738_right_floor;6607.89;1960-01-28 00:11:19
288;sensor.v917_left_floor;mbwdsgvwm;1986-03-27 10:49:39
289;sensor.v453_top_floor;7556.13;1950-08-18 04:11:32
290;sensor.v916_top_floor;5277.45;1968-02-12 11:04:57
291;sensor.v087_right_floor;8898.54;1977-05-24 10:02:11
292;sensor.v583_left_floor;oqhhyprim;1961-03-21 02:05:26
293;sensor.v180_right_floor;wpmnezyhw;1975-02-23 21:57:00
294;sensor.v700_left_floor;zysdushfc;1975-07-12 20:05:59
295;sensor.v331_left_floor;1778.53;1971-10-20 21:37:09
296;sensor.v604_bottom_floor;805.67;1981-08-13 19:22:23
297;sensor.v256_right_floor;dlndpcfpw;1965-02-25 21:15:07
298;sensor.v836_left_floor;709.07;1964-11-02 19:22:39
299;sensor.v753_left_floor;fydgewbwv;1976-07-18 16:09:15
300;sensor.v022_top_floor;rmauxkevx;1959-06-25 07:33:33
301;sensor.v934_bottom_floor;1714.42;1957-01-10 10:43:56
302;sensor.v236_right_floor;7876.37;1988-03-28 21:53:13
303;sensor.v322_right_floor;3052.59;1955-06-11 14:37:56
304;sensor.v495_top_floor;tzniofses;1965-05-24 02:06:03
305;sensor.v019_top_floor;dobvzmokz;1978-12-22 11:46:04
306;sensor.v259_left_floor;4374.32;1977-04-12 20:28:24
307;sensor.v697_top_floor;xbffwwfur;1959-01-04 02:11:11
308;sensor.v785_left_floor;9974.19;1957-02-18 06:11:31
309;sensor.v980_right_floor;4144.23;1951-04-10 22:26:50
310;sensor.v811_left_floor;hbikxrlvw;1983-03-25 06:05:45
311;sensor.v197_bottom_floor;286.97;1988-11-10 08:47:40
312;sensor.v205_bottom_floor;oyuxclfsv;1992-04-05 10:15:52
313;sensor.v942_top_floor;8718.06;1956-05-01 08:45:48
314;sensor.v370_left_floor;monawafmh;1974-04-03 16:35:40
315;sensor.v799_left_floor;uyhqpkcbg;1976-11-13 01:48:22
316;sensor.v134_left_floor;gxkvljigm;1987-04-24 16:56:03
317;sensor.v109_top_floor;anhwhntlm;1982-07-15 06:15:31
318;sensor.v048_bottom_floor;robwurgxl;1967-11-06 22:11:50
319;sensor.v203_left_floor;9317.28;1958-08-03 21:19:39
320;sensor.v294_left_floor;mlmmetyph;1988-07-11 23:03:16
321;sensor.v359_bottom_floor;aicgljuvz;1998-07-24 14:59:11
322;sensor.v820_right_floor;sahttjsqd;1973-03-20 12:47:38
323;sensor.v642_top_floor;6962.12;1956-01-15 07:05:15
324;sensor.v036_left_floor;pqlclawmo;1959-07-14 23:02:08
325;sensor.v580_bottom_floor;7363.47;1974-12-25 16:11:02
326;sensor.v973_bottom_floor;1457.76;1962-04-15 20:36:12
327;sensor.v626_top_floor;imziydygq;1970-08-28 09:50:12
328;sensor.v739_top_floor;6427.02;1987-06-14 23:27:16
329;sensor.v363_left_floor;4113.15;1981-04-07 09:16:09
330;sensor.v341_bottom_floor;mfhnvsxhq;1963-10-16 10:30:47
331;sensor.v406_left_floor;rrtlwlpoe;1989-07-26 09:54:51
332;sensor.v113_left_floor;4960.57;1996-11-11 13:26:15
333;sensor.v421_left_floor;bquqyjrbi;1954-08-15 07:59:41
334;sensor.v327_right_floor;6413.58;1985-04-21 14:00:40
335;sensor.v578_bottom_floor;9250.04;1994-05-15 07:35:52
336;sensor.v676_bottom_floor;6437.66;1981-07-10 01:01:40
337;sensor.v773_bottom_floor;8848.57;1967-11-14 04:27:11
338;sensor.v609_left_floor;2757.85;1967-01-13 20:34:02
339;sensor.v762_right_floor;yvhqgxaak;1991-09-03 17:23:50
340;sensor.v406_bottom_floor;cwoxfuubx;1958-02-18 12:24:54
341;sensor.v772_left_floor;hptbylxao;1970-02-07 04:44:52
342;sensor.v119_right_floor;ieabbitfp;1951-06-21 14:37:00
343;sensor.v238_left_floor;6535.11;1981-02-17 21:25:53
344;sensor.v304_bottom_floor;9833.89;1956-07-09 08:54:00
345;sensor.v706_right_floor;6570.88;1964-06-08 07:01:11
346;sensor.v653_bottom_floor;ocymdtljj;1977-10-05 15:26:27
347;sensor.v246_bottom_floor;jcdizrgaw;1977-11-18 03:03:11
348;sensor.v135_bottom_floor;mhnwusdsk;1987-11-11 12:13:24
349;sensor.v303_bottom_floor;omvsqbgeq;1967-03-12 09:21:01
350;sensor.v708_right_floor;3910.04;1985-03-03 22:28:27
351;sensor.v614_left_floor;2715.04;1961-08-18 16:27:08
352;sensor.v012_bottom_floor;dlkjmbjhw;2000-11-16 05:32:13
353;sensor.v913_left_floor;1719.15;1963-12-05 09:45:58
354;sensor.v350_right_floor;3862.76;1957-02-10 14:49:36
355;sensor.v522_left_floor;enatkmtel;1972-05-17 14:57:45
356;sensor.v352_top_floor;nuchgxwyr;1983-07-12 00:51:00
357;sensor.v150_bottom_floor;kmnhrpdxl;1963-05-04 11:57:52
358;sensor.v610_left_floor;7561.42;1960-02-27 07:45:18
359;sensor.v610_right_floor;6792.89;1991-10-09 11:39:03
360;sensor.v374_top_floor;lvjqanzsl;1957-01-05 20:06:06
361;sensor.v907_bottom_floor;ghvbjfzfk;1976-10-25 12:55:02
362;sensor.v204_right_floor;rlwsmrtsj;1983-08-22 01:27:57
363;sensor.v136_top_floor;uvuzxzvkj;1956-06-21 01:33:16
364;sensor.v232_top_floor;cxmmgdzzx;1961-11-11 21:33:55
365;sensor.v547_left_floor;ndwxwocut;1952-04-01 20:50:28
366;sensor.v420_bottom_floor;5241.27;1981-07-16 04:39:40
367;sensor.v431_left_floor;1062.54;1997-07-28 12:16:00
368;sensor.v287_top_floor;buydwxihw;1988-08-22 01:03:02
369;sensor.v690_left_floor;jkwmdzuqe;1978-08-24 05:24:07
370;sensor.v925_right_floor;3007.77;1962-03-18 18:14:40
371;sensor.v855_bottom_floor;3510.14;1971-09-19 05:58:32
372;sensor.v800_left_floor;9298.07;1952-12-28 13:52:17
373;sensor.v462_left_floor;xiwchgxsy;1961-08-28 11:28:56
374;sensor.v491_right_floor;8456.85;1988-01-03 19:16:03
375;sensor.v324_bottom_floor;qdhnpsgtd;1964-05-28 14:47:46
376;sensor.v993_bottom_floor;2202.43;1978-11-17 18:01:30
377;sensor.v259_top_floor;90.14;1952-05-01 10:30:18
378;sensor.v328_left_floor;3146.19;1967-10-07 16:28:37
379;sensor.v411_bottom_floor;6939.76;1989-05-10 03:43:42
380;sensor.v395_right_floor;cnebafddn;1964-02-10 00:59:34
381;sensor.v756_top_floor;bahhozdzu;1983-03-22 15:34:06
382;sensor.v805_left_floor;glydcbyay;1983-09-09 01:36:52
383;sensor.v398_top_floor;fqogoohtv;1988-05-19 06:33:26
384;sensor.v474_top_floor;zbjzvxxbg;1969-01-04 07:29:07
385;sensor.v437_top_floor;cujbfzjxs;1982-07-28 01:23:09
386;sensor.v160_top_floor;bzqagnpop;1992-02-16 06:04:51
387;sensor.v895_bottom_floor;tpakiqndg;1987-09-26 07:17:38
388;sensor.v922_right_floor;wggspvhzc;1970-01-15 04:12:04
389;sensor.v785_left_floor;9857.54;1986-01-09 16:43:43
390;sensor.v252_left_floor;8742.08;1972-08-25 20:54:24
391;sensor.v051_top_floor;lvjbrauec;1986-05-15 17:18:23
392;sensor.v534_bottom_floor;7913.84;1979-01-25 23:40:23
393;sensor.v524_left_floor;isvjmyytk;1965-11-01 08:39:05
394;sensor.v859_bottom_floor;fxbprshdr;1965-08-21 13:05:10
395;sensor.v482_right_floor;ylyilretk;1969-05-08 05:52:01
396;sensor.v759_top_floor;2778.65;1976-03-25 02:10:42
397;sensor.v003_top_floor;lkzuwhrlg;1963-11-14 02:37:55
398;sensor.v229_left_floor;1420.7;1980-11-28 22:43:42
399;sensor.v353_right_floor;9364.99;1983-12-04 05:24:41
400;sensor.v417_bottom_floor;217.52;1954-01-24 20:45:57
401;sensor.v618_bottom_floor;wbugyjdaq;1960-03-28 15:40:17
402;sensor.v093_top_floor;uttcqpylh;1987-03-12 23:43:40
403;sensor.v874_bottom_floor;6898.92;1973-04-25 09:58:26
404;sensor.v699_right_floor;zjckpllao;1970-09-21 04:57:47
405;sensor.v278_bottom_floor;nlkqjufau;1995-10-27 18:27:35
406;sensor.v268_left_floor;9089.11;2000-11-21 12:13:30
407;sensor.v389_bottom_floor;3426.31;1972-03-15 08:51:40
408;sensor.v981_right_floor;6483.68;1962-11-04 13:31:55
409;sensor.v896_top_floor;2828.27;1979-09-26 13:03:39
410;sensor.v497_bottom_floor;6653.85;1977-10-05 00:19:27
411;sensor.v122_left_floor;hoffquhom;1952-02-25 11:58:06
412;sensor.v081_right_floor;jsmlnmudn;1966-09-04 05:52:13
413;sensor.v957_top_floor;oyatvctmg;1951-01-02 10:42:28
414;sensor.v173_right_floor;1923.77;1973-11-15 03:30:04
415;sensor.v673_left_floor;sddqemhof;1957-10-14 09:40:47
416;sensor.v610_left_floor;zresafhsx;1968-02-08 23:59:20
417;sensor.v190_right_floor;vcxcmmust;1983-01-26 21:33:47
418;sensor.v909_top_floor;2921.07;1990-08-25 00:27:12
419;sensor.v519_left_floor;2543.94;1997-06-19 17:23:45
420;sensor.v965_top_floor;8307.5;1954-11-21 16:11:48
421;sensor.v113_bottom_floor;3233.98;1991-03-21 15:37:48
422;sensor.v739_bottom_floor;5244.45;1984-04-24 02:38:20
423;sensor.v495_top_floor;luoqqsgcv;1978-09-20 03:27:26
424;sensor.v031_right_floor;ddpvrtpwf;1957-09-17 23:35:24
425;sensor.v410_bottom_floor;5915.87;1996-03-20 20:24:51
426;sensor.v322_bottom_floor;1584.68;1995-05-18 20:48:10
427;sensor.v542_left_floor;ajjdaroid;1983-04-17 05:26:37
428;sensor.v102_right_floor;wzypkzzym;1954-10-01 07:53:29
429;sensor.v922_top_floor;6448.32;1968-10-02 03:11:30
430;sensor.v328_left_floor;rcczoqjae;1996-07-25 05:23:36
431;sensor.v731_right_floor;5234.21;1956-11-17 03:42:55
432;sensor.v132_bottom_floor;9815.49;1996-07-27 05:30:58
433;sensor.v080_left_floor;5722.37;1960-08-16 05:15:14
434;sensor.v433_bottom_floor;2489.64;1981-03-25 05:33:07
435;sensor.v283_right_floor;5537.89;1966-08-15 12:41:31
436;sensor.v282_top_floor;2752.29;1970-06-01 05:08:04
437;sensor.v868_left_floor;7498.39;1988-09-26 04:35:26
438;sensor.v324_bottom_floor;6315.69;1993-02-21 09:43:20
439;sensor.v400_top_floor;3457.15;1973-08-04 20:02:35
440;sensor.v256_left_floor;acswwbyry;1971-01-02 04:27:46
441;sensor.v341_top_floor;9873.08;1955-04-24 11:04:17
442;sensor.v115_right_floor;whnbuszds;1952-02-01 23:42:03
443;sensor.v159_top_floor;7884.72;1994-04-09 02:08:42
444;sensor.v420_left_floor;otdsfjbok;1974-02-07 01:43:32
445;sensor.v756_top_floor;ldegvfnqe;1989-01-09 10:58:30
446;sensor.v742_bottom_floor;eeojfwkmn;1976-08-08 02:42:37
447;sensor.v278_left_floor;yxlpeeddu;1966-05-23 09:49:05
448;sensor.v087_left_floor;ahfukbdpt;1966-08-22 07:22:40
449;sensor.v956_bottom_floor;xilwkbhce;1970-01-17 11:32:11
450;sensor.v915_left_floor;2141.32;1962-12-10 13:45:35
451;sensor.v805_bottom_floor;jsagrsuqz;1993-06-06 23:36:01
452;sensor.v115_right_floor;6092.94;1972-08-25 08:08:46
453;sensor.v432_left_floor;kopsxyuxy;1976-10-16 17:32:50
454;sensor.v846_top_floor;qqsoqhfri;1997-06-19 03:54:14
455;sensor.v336_left_floor;3840.09;1984-07-06 16:11:38
456;sensor.v707_bottom_floor;4010.14;1981-02-22 05:55:48
457;sensor.v924_top_floor;vdycexihv;1972-09-24 02:31:46
458;sensor.v646_top_floor;1388.87;1993-12-27 21:53:31
459;sensor.v936_right_floor;ntttgwhay;1969-11-08 16:59:14
460;sensor.v346_bottom_floor;9758.11;1974-10-20 11:14:43
461;sensor.v354_bottom_floor;funvuwrsc;1957-04-19 15:09:56
462;sensor.v407_top_floor;bdkdifmyl;1967-02-17 16:30:48
463;sensor.v441_right_floor;1670.76;1972-02-14 16:07:07
464;sensor.v026_right_floor;1982.93;1977-01-24 17:21:55
465;sensor.v120_bottom_floor;5861.64;1991-09-26 16:30:43
466;sensor.v985_left_floor;zfyemzgcq;1997-10-06 12:54:09
467;sensor.v420_bottom_floor;9651.6;1967-11-06 22:44:16
468;sensor.v258_right_floor;4481.12;1993-12-19 02:05:23
469;sensor.v651_left_floor;pwmtejuxy;1971-03-11 00:11:00
470;sensor.v622_top_floor;1794.77;2000-12-02 21:36:20
471;sensor.v255_top_floor;6167.03;1951-04-16 23:13:24
472;sensor.v834_right_floor;pmeeiifrc;1987-10-09 13:06:06
473;sensor.v977_left_floor;odnkcqzva;1957-07-20 08:06:48
474;sensor.v318_bottom_floor;1583.51;1978-05-20 00:46:34
475;sensor.v140_right_floor;5081.56;1978-02-19 04:42:58
476;sensor.v439_right_floor;591.0;1967-09-10 15:19:44
477;sensor.v371_left_floor;sphrlelfz;1966-02-15 15:01:33
478;sensor.v494_top_floor;gdwrdavlm;1973-06-20 17:33:10
479;sensor.v709_top_floor;bveqnxlrc;1995-08-25 08:21:41
480;sensor.v608_bottom_floor;dzrvpfked;1976-02-05 04:03:53
481;sensor.v466_right_floor;8328.9;1980-12-11 00:15:13
482;sensor.v118_left_floor;7158.75;1964-01-22 13:15:28
483;sensor.v146_bottom_floor;7993.35;1977-11-01 14:36:19
484;sensor.v302_left_floor;jhggthytn;1973-09-05 21:21:03
485;sensor.v717_left_floor;vdjcviekz;1963-01-13 05:31:54
486;sensor.v194_top_floor;gnetyxbyj;1961-02-10 06:31:19
487;sensor.v615_bottom_floor;pzsgnvftp;1971-02-02 18:31:59
488;sensor.v457_right_floor;1517.8;1998-04-11 17:49:24
489;sensor.v968_top_floor;qnexwxutf;1967-11-28 22:49:02
490;sensor.v592_left_floor;8803.59;1957-02-13 13:07:50
491;sensor.v006_top_floor;7197.25;1999-01-06 02:26:40
492;sensor.v716_bottom_floor;vxsjjrvec;1963-01-22 20:20:21
493;sensor.v923_top_floor;8107.97;1955-11-18 17:44:08
494;sensor.v368_top_floor;7598.07;1976-06-10 21:27:32
495;sensor.v654_top_floor;dkjkxvleb;1972-05-22 11:04:24
496;sensor.v746_top_floor;4389.72;1983-02-18 04:38:05
497;sensor.v620_bottom_floor;gpovjduit;1983-08-20 08:53:38
498;sensor.v351_right_floor;9590.97;1990-08-03 06:41:16
499;sensor.v356_right_floor;511.18;1979-07-17 15:46:20
500;sensor.v410_bottom_floor;8021.31;1987-12-15 06:10:21
501;sensor.v677_bottom_floor;6119.06;1994-10-14 09:41:26
502;sensor.v794_top_floor;cskinyhjr;1953-02-02 06:20:29
503;sensor.v464_bottom_floor;pyjhwkttg;1974-10-09 23:27:37
504;sensor.v168_left_floor;clyergzmt;1951-12-05 16:06:32
505;sensor.v720_left_floor;bhhyvlaan;1993-01-23 17:42:20
506;sensor.v157_left_floor;9064.74;1964-07-10 19:38:22
507;sensor.v108_top_floor;6845.07;1961-02-20 00:59:53
508;sensor.v874_right_floor;buxfbbxyl;1952-01-13 02:55:05
509;sensor.v518_left_floor;1489.36;1981-03-21 07:11:43
510;sensor.v150_right_floor;ouidzcxuv;1993-05-03 01:19:55
511;sensor.v790_right_floor;zymsjbqzr;1986-10-22 21:46:55
512;sensor.v645_bottom_floor;1063.26;1988-04-22 03:58:53
513;sensor.v861_top_floor;197.18;1975-10-27 00:02:50
514;sensor.v382_top_floor;3627.04;1985-07-07 22:31:23
515;sensor.v762_bottom_floor;vprnnuwno;1993-10-06 03:46:42
516;sensor.v014_right_floor;grivzysuj;1956-12-23 11:13:12
517;sensor.v415_left_floor;qudqvnxww;1991-12-11 01:16:07
518;sensor.v477_right_floor;3399.67;1965-12-26 00:05:22
519;sensor.v761_left_floor;8588.19;2000-08-09 19:04:46
520;sensor.v780_top_floor;821.02;1967-03-03 11:35:17
521;sensor.v171_left_floor;9063.0;1973-10-01 10:26:41
522;sensor.v878_bottom_floor;pakuyuoui;1989-05-28 22:54:09
523;sensor.v670_bottom_floor;1747.77;1974-04-17 05:46:20
524;sensor.v724_bottom_floor;lgmzcszih;1965-11-21 00:28:34
525;sensor.v375_left_floor;nbggetymv;1969-12-05 13:05:03
526;sensor.v122_right_floor;hzvgmqjbc;1984-11-26 02:07:47
527;sensor.v678_right_floor;kutppjeue;1980-02-07 01:42:00
528;sensor.v505_left_floor;udqxbjuwo;1993-05-17 08:52:56
529;sensor.v775_top_floor;pevfzldaa;1991-08-05 21:17:23
530;sensor.v267_right_floor;2522.8;1992-02-15 06:07:57
531;sensor.v547_left_floor;fmtynzfny;1967-06-17 11:28:36
532;sensor.v887_left_floor;4145.55;1990-03-26 08:43:51
533;sensor.v130_right_floor;xcvcwehfo;1964-12-19 13:57:50
534;sensor.v537_top_floor;9961.96;1999-08-22 06:21:29
535;sensor.v666_right_floor;8841.87;1951-06-09 09:05:59
536;sensor.v688_bottom_floor;1690.12;1967-02-09 23:37:13
537;sensor.v379_left_floor;7238.0;1974-10-23 08:29:17
538;sensor.v487_left_floor;vpmyyflmd;1974-01-16 19:40:38
539;sensor.v342_left_floor;tnwmzztdv;1993-04-23 12:19:54
540;sensor.v356_bottom_floor;snzpmlcqy;1973-07-22 22:05:54
541;sensor.v503_right_floor;5766.48;1997-02-18 19:28:42
542;sensor.v111_bottom_floor;7088.8;1954-05-07 23:16:51
543;sensor.v350_left_floor;msrankcwo;1973-05-16 07:16:45
544;sensor.v409_left_floor;2314.93;1976-11-24 14:11:43
545;sensor.v800_top_floor;6383.6;1967-04-08 04:48:40
546;sensor.v262_right_floor;9996.5;1958-01-14 04:00:40
547;sensor.v377_right_floor;6145.9;1992-11-25 08:42:17
548;sensor.v882_bottom_floor;zqjbesamb;1998-02-22 00:45:24
549;sensor.v172_right_floor;ooqacruxs;1958-10-17 13:22:52
550;sensor.v483_left_floor;agwzyqbkx;1990-01-06 04:44:19
551;sensor.v103_left_floor;5805.66;1974-08-16 14:47:19
552;sensor.v352_top_floor;4662.41;1954-11-17 05:37:57
553;sensor.v093_bottom_floor;azslyycpo;1993-11-07 22:12:23
554;sensor.v200_bottom_floor;hgwmmjsep;1956-06-11 06:07:42
555;sensor.v972_bottom_floor;oqaypwpko;1984-06-09 10:10:34
556;sensor.v274_left_floor;abxrxfudw;1960-01-11 16:49:53
557;sensor.v529_right_floor;umphejawq;1971-11-01 23:04:53
558;sensor.v723_right_floor;4338.66;1950-11-23 02:28:33
559;sensor.v766_bottom_floor;4166.28;1988-02-01 13:56:45
560;sensor.v003_bottom_floor;3757.57;1961-01-22 17:50:13
561;sensor.v490_top_floor;4565.7;1977-04-03 09:02:57
562;sensor.v517_right_floor;tgsrdomza;1953-03-16 13:30:30
563;sensor.v193_bottom_floor;jsgbhgdti;1971-10-16 21:03:47
564;sensor.v891_bottom_floor;3110.5;1964-02-24 12:35:04
565;sensor.v335_bottom_floor;kshzokwur;1984-05-26 00:09:05
566;sensor.v833_left_floor;8687.02;1959-09-02 08:26:16
567;sensor.v985_bottom_floor;6567.38;1991-08-02 22:32:27
568;sensor.v863_top_floor;128.42;1969-09-22 21:09:10
569;sensor.v822_left_floor;7710.43;1995-12-10 22:33:27
570;sensor.v743_left_floor;4224.16;1970-04-18 01:32:22
571;sensor.v088_right_floor;2720.86;1976-06-09 21:01:44
572;sensor.v723_left_floor;pifmrwxaq;1989-10-04 17:34:05
573;sensor.v377_right_floor;2876.59;1987-06-21 00:13:18
574;sensor.v191_right_floor;6859.5;1972-02-19 11:52:10
575;sensor.v248_left_floor;xdgtdktbm;1992-02-28 06:17:30
576;sensor.v439_right_floor;3238.44;1982-07-07 09:51:14
577;sensor.v300_bottom_floor;3128.69;1997-11-27 06:35:43
578;sensor.v939_left_floor;6311.75;1968-08-15 19:01:57
579;sensor.v318_bottom_floor;5078.22;1994-12-14 21:08:36
580;sensor.v797_left_floor;5843.71;1976-05-15 12:24:47
581;sensor.v615_right_floor;8055.28;1950-06-17 07:06:45
582;sensor.v548_right_floor;5224.17;1990-01-05 16:58:52
583;sensor.v653_right_floor;lypoorcox;1989-05-18 15:45:44
584;sensor.v072_bottom_floor;soremalot;1963-05-12 14:33:25
585;sensor.v281_bottom_floor;5360.73;1959-01-04 23:45:29
586;sensor.v478_top_floor;zurqtxkxb;1996-07-01 10:55:49
587;sensor.v517_top_floor;1787.23;1983-05-25 05:27:52
588;sensor.v149_right_floor;8806.21;1990-07-12 19:59:30
589;sensor.v142_top_floor;dwefgvoms;1976-04-11 22:31:17
590;sensor.v914_right_floor;mshbbyhft;1955-08-10 12:36:32
591;sensor.v792_top_floor;9157.54;1989-11-10 15:53:16
592;sensor.v431_top_floor;pnzqpeblt;1958-08-14 13:32:10
593;sensor.v776_top_floor;2599.92;1953-01-20 09:42:50
594;sensor.v299_left_floor;716.73;1978-11-08 01:31:36
595;sensor.v509_left_floor;yqmbrqwey;1995-10-09 09:46:30
596;sensor.v544_left_floor;nxmfqtqxu;1994-07-01 17:00:12
597;sensor.v279_bottom_floor;tevbewpfs;1959-08-17 04:03:21
598;sensor.v808_top_floor;axefjawtu;1960-09-02 10:08:23
599;sensor.v664_top_floor;crqhnvtck;1970-02-28 19:11:01
600;sensor.v915_left_floor;3130.82;1974-08-19 22:07:18
601;sensor.v598_top_floor;5362.78;1971-12-03 17:11:45
602;sensor.v139_top_floor;9540.07;1979-09-22 07:38:55
603;sensor.v116_bottom_floor;1736.07;1980-11-02 12:56:26
604;sensor.v885_left_floor;fhcrjbyfw;1958-04-02 09:49:52
605;sensor.v647_left_floor;6247.71;1955-04-08 07:13:01
606;sensor.v896_top_floor;3543.39;1951-09-18 14:11:48
607;sensor.v801_bottom_floor;rjlolujcm;2000-01-24 05:11:29
608;sensor.v129_bottom_floor;9435.07;1986-01-26 12:24:45
609;sensor.v065_top_floor;6113.54;1973-03-23 23:55:11
610;sensor.v980_bottom_floor;jkzgxpuei;1972-05-09 07:25:59
611;sensor.v238_left_floor;tgvijmdwz;1955-07-01 17:38:37
612;sensor.v453_right_floor;ksgiklcav;1983-04-20 00:46:46
613;sensor.v658_left_floor;4279.17;1973-05-05 12:24:24
614;sensor.v517_right_floor;pikftclka;1960-06-21 09:05:46
615;sensor.v290_left_floor;psvcoiqzb;1991-10-08 05:15:17
616;sensor.v406_right_floor;ovxtjxota;1957-11-15 13:12:18
617;sensor.v977_right_floor;6188.28;1997-12-16 02:42:10
618;sensor.v438_left_floor;wzgicqpbe;1996-12-17 23:22:34
619;sensor.v925_bottom_floor;2429.04;1989-08-10 00:06:05
620;sensor.v758_top_floor;riuwpofuf;1986-11-08 11:41:09
621;sensor.v981_left_floor;3785.21;1959-11-16 23:53:10
622;sensor.v404_top_floor;8135.49;1954-10-25 08:59:17
623;sensor.v541_top_floor;odnuyynqg;1964-12-02 08:15:59
624;sensor.v210_left_floor;9339.49;1952-04-09 19:56:00
625;sensor.v326_top_floor;4627.36;1981-01-18 10:50:35
626;sensor.v210_right_floor;evuerngnr;2000-08-03 05:28:19
627;sensor.v871_left_floor;kewccmfvs;1970-08-12 07:44:25
628;sensor.v655_right_floor;1902.44;1960-01-17 08:40:23
629;sensor.v615_left_floor;2525.54;1958-02-28 09:22:59
630;sensor.v053_top_floor;aksmgcgft;1992-05-24 20:18:48
631;sensor.v063_top_floor;nuelpxgdu;1992-09-19 17:04:40
632;sensor.v779_left_floor;2938.84;1966-08-06 07:50:08
633;sensor.v339_bottom_floor;vuazaksuv;1983-10-20 11:42:35
634;sensor.v523_left_floor;bjxshehps;1983-05-17 04:19:18
635;sensor.v088_bottom_floor;4241.93;1968-04-02 08:11:16
636;sensor.v157_left_floor;ssretchsl;1974-09-01 06:06:41
637;sensor.v019_bottom_floor;hwfowoave;1974-07-03 17:10:06
638;sensor.v316_right_floor;zzauneopg;1999-06-25 20:52:43
639;sensor.v881_top_floor;9808.56;1969-02-16 02:10:47
640;sensor.v713_top_floor;zkuiwsgmj;1979-11-17 14:29:34
641;sensor.v355_right_floor;9925.7;1979-09-22 21:31:23
642;sensor.v496_right_floor;1677.74;1970-12-27 07:01:01
643;sensor.v332_right_floor;1238.03;1977-08-24 09:58:16
644;sensor.v382_left_floor;ribusmyit;1984-07-13 14:19:22
645;sensor.v974_bottom_floor;ejyvwpxqg;1992-02-14 01:11:58
646;sensor.v281_left_floor;baaxidzeg;1973-09-21 20:28:14
647;sensor.v513_top_floor;jlftltdok;1969-01-10 04:56:44
648;sensor.v576_bottom_floor;uagvslpay;1974-07-25 18:12:41
649;sensor.v677_right_floor;7425.57;1977-10-08 19:11:19
650;sensor.v370_top_floor;nmedcgxfk;1968-05-06 09:05:40
651;sensor.v053_left_floor;121.88;1979-05-13 10:11:21
652;sensor.v612_top_floor;9253.47;1977-03-27 05:46:30
653;sensor.v993_bottom_floor;4712.77;1998-12-09 01:16:46
654;sensor.v866_top_floor;qzerpfitg;1990-06-14 17:16:18
655;sensor.v073_bottom_floor;9578.72;1954-11-28 03:46:00
656;sensor.v868_right_floor;1337.89;1979-01-08 08:56:16
657;sensor.v190_left_floor;8281.75;1975-05-12 16:24:52
658;sensor.v520_top_floor;2024.39;1990-03-11 02:19:40
659;sensor.v398_right_floor;8547.9;1966-02-10 17:25:23
660;sensor.v421_right_floor;1894.79;1964-09-22 16:51:55
661;sensor.v295_top_floor;rolunywtx;1972-03-11 09:02:33
662;sensor.v531_left_floor;7607.15;1982-10-11 23:27:22
663;sensor.v935_left_floor;totwthvkt;1963-05-05 08:12:05
664;sensor.v204_left_floor;yiqwcwvmc;1950-03-24 07:11:25
665;sensor.v609_top_floor;2788.45;1999-06-02 04:08:46
666;sensor.v353_top_floor;2167.45;1958-04-01 20:08:03
667;sensor.v752_top_floor;3854.71;1960-10-23 03:49:33
668;sensor.v629_bottom_floor;aarfmterh;1967-12-04 13:54:15
669;sensor.v300_top_floor;csixxmxkg;2000-07-26 15:47:42
670;sensor.v960_left_floor;2638.64;1983-07-03 02:19:46
671;sensor.v483_right_floor;gqxnymufg;1959-07-13 22:45:53
672;sensor.v978_left_floor;5852.7;1960-11-20 02:50:01
673;sensor.v143_bottom_floor;dozvtslmn;1950-07-03 16:18:13
674;sensor.v354_bottom_floor;1544.76;1967-02-27 20:07:08
675;sensor.v503_top_floor;9289.07;1956-07-12 21:42:15
676;sensor.v044_top_floor;8967.48;1952-12-13 19:47:16
677;sensor.v546_left_floor;8073.69;1996-01-01 13:47:18
678;sensor.v164_right_floor;730.42;1969-07-09 04:43:04
679;sensor.v234_right_floor;wwlomglzb;1988-01-24 16:43:10
680;sensor.v436_right_floor;458.47;1988-02-01 16:32:01
681;sensor.v561_bottom_floor;72.88;1983-10-08 20:31:20
682;sensor.v945_top_floor;zwkomctjz;1964-04-08 18:51:40
683;sensor.v502_top_floor;aeftgsfqp;2000-11-13 11:36:44
684;sensor.v414_right_floor;savhimedx;1963-04-07 10:05:15
685;sensor.v266_right_floor;dyemxrnnw;1959-11-27 03:44:50
686;sensor.v701_left_floor;jowbjjuwo;1997-07-03 07:23:04
687;sensor.v368_top_floor;576.34;1965-11-11 14:29:06
688;sensor.v388_top_floor;irygobvwi;1968-01-20 17:54:40
689;sensor.v496_left_floor;5335.06;1973-11-07 21:54:24
690;sensor.v246_top_floor;znsugnbyw;1964-10-20 15:20:51
691;sensor.v559_right_floor;dgyzqytit;1965-10-28 09:13:19
692;sensor.v148_left_floor;280.17;1973-07-05 17:45:14
693;sensor.v833_bottom_floor;297.85;1958-05-08 09:18:25
694;sensor.v765_top_floor;532.75;1994-05-15 06:49:41
695;sensor.v079_right_floor;csuxqcfzc;1981-10-26 09:44:37
696;sensor.v498_right_floor;ltfkthcbp;1953-04-17 02:11:19
697;sensor.v501_bottom_floor;8521.73;1981-02-10 02:34:47
698;sensor.v675_left_floor;jorxzempf;1961-03-27 17:32:39
699;sensor.v108_right_floor;lbqporwcu;1960-08-05 09:55:35
700;sensor.v568_right_floor;924.01;1987-09-17 04:46:18
701;sensor.v166_top_floor;pjlqhgrxg;1985-11-27 01:14:42
702;sensor.v785_right_floor;czbhprhqf;1980-10-24 05:24:34
703;sensor.v190_right_floor;ppuoxcqfr;1976-11-09 16:30:32
704;sensor.v624_bottom_floor;7861.9;1989-07-23 02:29:05
705;sensor.v883_left_floor;qzodfcvsp;1989-02-27 23:50:25
706;sensor.v743_right_floor;8632.5;1963-02-08 17:01:23
707;sensor.v743_bottom_floor;utnvoiadj;1989-09-04 09:32:04
708;sensor.v730_right_floor;gbegkctxf;1977-10-26 16:57:51
709;sensor.v044_left_floor;iqvjbvrup;1976-08-26 07:51:59
710;sensor.v630_left_floor;6912.87;1989-02-20 16:40:46
711;sensor.v246_top_floor;totroyblo;1966-04-03 10:05:27
712;sensor.v293_top_floor;7466.32;1998-09-20 21:11:45
713;sensor.v869_right_floor;wcsksjfze;1957-01-16 10:17:23
714;sensor.v730_left_floor;wsjqobqpo;1994-09-16 01:47:13
715;sensor.v555_bottom_floor;cppotxhgp;1995-06-23 01:15:36
716;sensor.v318_right_floor;hhrmpnhki;1973-09-13 23:42:02
717;sensor.v512_bottom_floor;7683.11;1968-10-14 08:57:53
718;sensor.v422_bottom_floor;gzdwzoztq;1968-01-20 21:31:20
719;sensor.v365_top_floor;1739.35;1970-03-14 14:57:49
720;sensor.v330_left_floor;vvwucesea;1961-03-04 12:35:57
721;sensor.v895_bottom_floor;wkdbwkhjf;1968-07-22 20:28:22
722;sensor.v407_bottom_floor;xxokxbzwm;1976-05-11 03:17:54
723;sensor.v627_left_floor;fmidgfsmd;1956-05-01 14:22:36
724;sensor.v088_top_floor;2345.83;1961-07-25 21:34:41
725;sensor.v087_right_floor;faelfpoca;1992-06-26 12:21:51
726;sensor.v426_top_floor;gfxjfyzfb;1968-04-04 18:10:46
727;sensor.v732_left_floor;7016.24;1970-02-11 12:05:01
728;sensor.v438_bottom_floor;ryehicdpd;1953-05-15 07:26:11
729;sensor.v265_bottom_floor;5090.5;1986-05-16 18:55:24
730;sensor.v295_left_floor;6186.8;1962-06-12 03:10:09
731;sensor.v916_left_floor;1943.77;1952-06-14 01:50:53
732;sensor.v171_left_floor;ccfsqasjd;1989-01-10 12:52:00
733;sensor.v282_right_floor;5810.17;1987-06-09 01:59:32
734;sensor.v999_bottom_floor;3479.08;1997-02-17 10:40:00
735;sensor.v731_top_floor;7468.54;1977-10-09 22:18:01
736;sensor.v169_left_floor;rgbolafyv;1993-03-19 00:43:32
737;sensor.v101_top_floor;kwvyflqmx;1997-08-07 01:38:12
738;sensor.v180_left_floor;adanekccn;1959-05-19 00:05:09
739;sensor.v211_top_floor;lwniaosvv;2000-04-01 03:20:09
740;sensor.v203_left_floor;5085.18;1972-08-23 15:32:59
741;sensor.v843_bottom_floor;emdebaywt;1963-08-02 13:25:40
742;sensor.v537_left_floor;5079.76;1980-02-19 20:09:00
743;sensor.v850_top_floor;1234.86;1981-05-11 12:41:58
744;sensor.v015_top_floor;parhvzjxi;1975-02-03 13:46:52
745;sensor.v819_top_floor;5523.06;1950-02-24 22:04:40
746;sensor.v345_left_floor;7606.93;1983-05-14 05:18:51
747;sensor.v686_left_floor;7898.71;1977-09-27 05:13:54
748;sensor.v100_bottom_floor;1228.91;1965-03-09 03:12:40
749;sensor.v135_bottom_floor;mmykhbwlu;1977-03-13 04:13:57
750;sensor.v567_right_floor;qhptbnqav;1975-04-28 21:18:11
751;sensor.v760_bottom_floor;nncyplwep;1994-10-26 07:36:02
752;sensor.v995_left_floor;5175.0;1952-02-21 21:53:46
753;sensor.v092_right_floor;xsdaxldbd;1975-10-20 11:47:48
754;sensor.v762_right_floor;5596.77;1987-10-09 11:20:04
755;sensor.v209_right_floor;bsftuuiho;1994-03-09 15:55:41
756;sensor.v181_bottom_floor;6548.6;1997-09-09 23:13:08
757;sensor.v683_top_floor;7834.85;1992-01-07 17:27:39
758;sensor.v337_bottom_floor;2259.86;1966-04-15 19:42:31
759;sensor.v679_left_floor;4097.82;1981-04-16 00:55:32
760;sensor.v156_right_floor;orrkxvnym;1951-12-25 06:03:24
761;sensor.v251_bottom_floor;2582.58;1967-09-05 13:52:03
762;sensor.v139_bottom_floor;memqwpaul;1995-07-28 17:47:41
763;sensor.v545_bottom_floor;qpprqyiny;1982-02-25 01:42:47
764;sensor.v042_bottom_floor;tnmgzjxod;1954-06-15 07:37:23
765;sensor.v924_bottom_floor;vxdcbxthh;1971-03-19 09:19:40
766;sensor.v761_left_floor;hoigphbzr;1988-05-16 05:42:45
767;sensor.v605_left_floor;6565.51;1979-09-09 19:27:20
768;sensor.v312_right_floor;5676.28;1998-07-02 16:38:21
769;sensor.v641_top_floor;nzbothtam;1980-02-20 12:58:46
770;sensor.v164_right_floor;bfdgvcmbv;1966-11-04 07:56:35
771;sensor.v986_right_floor;4620.59;1991-08-17 01:45:37
772;sensor.v683_top_floor;296.22;1992-07-17 09:15:53
773;sensor.v594_bottom_floor;487.39;1981-12-24 15:02:23
774;sensor.v760_left_floor;3018.47;1956-02-24 17:09:55
775;sensor.v684_top_floor;6727.83;1958-04-06 12:44:26
776;sensor.v872_left_floor;3049.34;1985-02-18 03:40:58
777;sensor.v493_right_floor;2410.5;1991-02-05 13:16:28
778;sensor.v545_top_floor;pjhlznbaq;1985-05-17 13:12:28
779;sensor.v033_left_floor;cmmtzwlce;1971-05-23 11:47:10
780;sensor.v023_bottom_floor;gbedfvdxm;1961-09-12 17:39:49
781;sensor.v393_left_floor;7129.07;1976-07-24 13:42:52
782;sensor.v640_top_floor;4590.89;1974-11-04 21:38:24
783;sensor.v229_right_floor;jtixzrnvn;1979-01-22 14:00:34
784;sensor.v261_bottom_floor;njqosmpgp;1979-06-26 15:42:22
785;sensor.v190_bottom_floor;9427.1;1963-05-01 14:43:32
786;sensor.v118_right_floor;7367.66;1973-04-28 17:48:37
787;sensor.v720_left_floor;sfkgzysao;1961-05-13 23:12:01
788;sensor.v437_top_floor;5135.11;1983-01-23 19:02:19
789;sensor.v721_bottom_floor;gfopwzgdr;1965-03-02 21:09:59
790;sensor.v550_left_floor;ugdkulipx;1953-02-09 06:38:53
791;sensor.v124_bottom_floor;wbiuuqwyw;1994-01-23 15:05:30
792;sensor.v171_left_floor;auflhkgif;1982-10-15 17:09:22
793;sensor.v024_right_floor;hwnyehzzl;1969-02-14 19:46:12
794;sensor.v286_right_floor;7778.71;1970-12-07 16:21:09
795;sensor.v942_top_floor;etkntsavi;1956-12-18 02:03:53
796;sensor.v285_right_floor;mjhiywqtd;1986-08-01 05:58:02
797;sensor.v266_left_floor;deazxwjrb;1971-06-13 03:27:33
798;sensor.v460_left_floor;fjzgbxfsq;1953-04-05 07:01:08
799;sensor.v726_top_floor;2906.89;1954-08-19 21:14:46
800;sensor.v874_bottom_floor;5906.0;1975-03-19 01:36:56
801;sensor.v667_top_floor;1844.91;1993-03-28 15:23:24
802;sensor.v115_left_floor;hrgpegwgs;1950-04-08 07:24:43
803;sensor.v994_right_floor;6928.99;1980-03-06 15:03:54
804;sensor.v039_top_floor;5763.48;1966-11-19 20:40:22
805;sensor.v423_right_floor;caaosoiry;1954-12-07 18:05:32
806;sensor.v876_bottom_floor;5310.55;1987-04-18 18:25:12
807;sensor.v237_left_floor;vmudwexyz;1950-11-02 18:09:51
808;sensor.v243_right_floor;btwccvxrl;1991-08-17 07:59:24
809;sensor.v258_top_floor;8973.26;1973-08-09 09:19:55
810;sensor.v923_right_floor;4204.75;1992-01-13 11:27:30
811;sensor.v763_top_floor;2079.95;1992-06-02 06:09:43
812;sensor.v680_right_floor;611.5;1978-06-02 12:11:56
813;sensor.v414_top_floor;8122.41;1990-02-25 23:21:27
814;sensor.v949_left_floor;qsarrmeni;1992-01-05 12:50:56
815;sensor.v210_bottom_floor;qknjvjfhb;2000-02-26 13:53:33
816;sensor.v698_right_floor;6027.11;1957-10-23 00:38:51
817;sensor.v859_top_floor;5446.66;1975-03-09 11:37:52
818;sensor.v439_top_floor;9526.04;1959-03-24 14:01:53
819;sensor.v050_bottom_floor;9828.57;1966-09-07 02:30:01
820;sensor.v601_top_floor;xqiczchtj;1965-08-26 18:35:36
821;sensor.v435_top_floor;dgubycalr;1973-07-15 07:05:39
822;sensor.v179_left_floor;ejpiamuxy;1970-12-06 01:32:30
823;sensor.v497_left_floor;8899.88;1963-07-23 03:27:59
824;sensor.v087_left_floor;5805.98;1983-08-05 03:29:26
825;sensor.v631_left_floor;hrncmtawv;1992-11-13 21:15:04
826;sensor.v293_left_floor;1214.37;1956-10-09 17:13:16
827;sensor.v635_bottom_floor;6229.51;1981-09-21 18:03:10
828;sensor.v087_bottom_floor;8604.34;1968-12-17 16:22:11
829;sensor.v116_right_floor;1395.35;1989-08-14 19:10:41
830;sensor.v071_top_floor;2784.53;1996-01-05 13:06:22
831;sensor.v356_left_floor;16.57;1979-07-03 10:50:16
832;sensor.v456_left_floor;lttavxjrm;1960-01-05 17:03:26
833;sensor.v121_left_floor;3924.73;1968-07-05 14:16:55
834;sensor.v475_bottom_floor;3561.87;1966-12-13 10:42:50
835;sensor.v134_bottom_floor;9510.1;1970-04-07 17:35:17
836;sensor.v775_bottom_floor;puioyaozd;1990-03-26 18:46:54
837;sensor.v735_bottom_floor;yvawfhtke;1968-08-12 10:02:26
838;sensor.v094_bottom_floor;9897.03;1954-12-12 06:02:25
839;sensor.v931_left_floor;399.11;1969-07-10 10:17:53
840;sensor.v115_top_floor;vzdymrxaw;1964-10-22 02:53:32
841;sensor.v554_left_floor;111.76;1955-05-13 13:44:32
842;sensor.v801_left_floor;wxkqjfaqy;1964-04-19 21:20:07
843;sensor.v244_left_floor;zqygbkpjr;1969-10-26 08:34:37
844;sensor.v418_top_floor;zdgutdedh;1983-05-08 02:45:17
845;sensor.v480_bottom_floor;dcdggjzky;1989-12-18 16:52:47
846;sensor.v532_left_floor;7065.87;1963-04-18 21:16:42
847;sensor.v231_top_floor;4389.79;1974-05-04 12:17:42
848;sensor.v349_right_floor;lzebrvprh;1977-11-02 02:58:19
849;sensor.v438_bottom_floor;8171.84;1982-06-28 03:30:56
850;sensor.v110_bottom_floor;spfjyijku;1953-12-03 10:55:54
851;sensor.v660_bottom_floor;dnylhdgvj;1973-03-03 00:06:43
852;sensor.v262_top_floor;jxukhiiwd;1980-05-21 21:08:00
853;sensor.v425_top_floor;cuonhfmck;1979-11-14 03:27:15
854;sensor.v986_left_floor;2776.86;1956-02-10 11:19:26
855;sensor.v310_right_floor;3432.43;1956-05-02 20:20:00
856;sensor.v063_top_floor;jqwcbqzuu;1987-12-26 12:08:11
857;sensor.v972_left_floor;aktrxemuj;1998-01-12 20:23:47
858;sensor.v870_top_floor;nxxhrraow;1977-12-11 11:47:49
859;sensor.v102_left_floor;nhhppigme;1971-01-19 22:21:19
860;sensor.v131_bottom_floor;1234.6;1987-03-01 11:21:23
861;sensor.v903_right_floor;1550.03;1981-09-20 17:40:01
862;sensor.v575_left_floor;4645.82;1991-12-16 04:38:53
863;sensor.v654_left_floor;njdewxiyk;1979-09-23 00:42:19
864;sensor.v956_top_floor;7403.04;1984-01-27 11:11:23
865;sensor.v308_right_floor;7957.76;1996-11-10 08:53:26
866;sensor.v008_left_floor;nzcdqoeps;1969-08-01 13:46:26
867;sensor.v435_right_floor;3017.9;1977-10-01 13:41:20
868;sensor.v860_right_floor;humiqxblf;1995-11-22 21:19:48
869;sensor.v629_top_floor;bgsznugei;1976-08-18 13:52:52
870;sensor.v830_right_floor;257.38;1991-06-18 04:06:49
871;sensor.v609_top_floor;aetgxnnhi;1983-04-27 16:20:12
872;sensor.v387_left_floor;slrwjzfde;1998-03-14 11:04:39
873;sensor.v252_bottom_floor;1817.19;1950-10-05 11:31:40
874;sensor.v150_right_floor;xzufsnokw;1982-04-14 01:54:46
875;sensor.v595_left_floor;6403.56;1997-02-22 22:44:53
876;sensor.v649_left_floor;7740.91;1990-04-23 18:41:56
877;sensor.v675_left_floor;pxwtqailr;1991-04-04 07:03:03
878;sensor.v371_bottom_floor;tahfszsxv;1958-09-14 20:40:35
879;sensor.v172_top_floor;1275.81;1984-06-22 00:10:01
880;sensor.v008_right_floor;8631.7;1953-05-10 08:18:49
881;sensor.v691_bottom_floor;2269.99;1964-09-21 04:47:49
882;sensor.v689_left_floor;3410.38;1991-09-15 07:38:28
883;sensor.v057_left_floor;fqehplwmn;1982-01-23 01:30:32
884;sensor.v052_top_floor;csnpkqiyi;1990-11-02 10:51:21
885;sensor.v438_top_floor;xcqulznjb;1966-09-21 02:45:02
886;sensor.v971_right_floor;4839.94;1994-06-04 01:10:31
887;sensor.v333_left_floor;ickjbfqwq;1981-04-02 13:22:22
888;sensor.v389_bottom_floor;xzdmglkuq;1960-04-02 03:26:25
889;sensor.v631_left_floor;ctocuefkn;1988-07-15 07:09:33
890;sensor.v432_left_floor;9405.39;1996-09-16 05:13:21
891;sensor.v552_right_floor;dicajrxqc;1997-06-07 08:55:04
892;sensor.v183_top_floor;eccbcefbl;1996-02-17 06:53:58
893;sensor.v586_right_floor;xslvotrqs;1964-07-10 00:33:04
894;sensor.v344_bottom_floor;jcuwsoyki;1999-05-11 15:14:55
895;sensor.v052_right_floor;3572.22;1957-06-16 18:41:10
896;sensor.v902_top_floor;896.09;1988-09-22 20:52:29
897;sensor.v302_top_floor;1360.27;1993-06-11 06:04:33
898;sensor.v354_top_floor;760.74;1983-10-25 21:29:37
899;sensor.v320_top_floor;6575.29;1993-09-21 19:58:09
900;sensor.v313_right_floor;659.55;1974-09-19 09:07:42
901;sensor.v152_top_floor;5405.75;1956-02-27 04:41:33
902;sensor.v675_left_floor;bynxyuncs;1973-10-03 23:25:15
903;sensor.v240_top_floor;kozeeikhq;1994-10-05 19:46:29
904;sensor.v450_right_floor;sywetuwpn;1962-10-05 09:13:53
905;sensor.v393_top_floor;tiongrcja;1987-03-12 07:58:12
906;sensor.v141_left_floor;8339.87;1997-04-06 22:08:38
907;sensor.v303_bottom_floor;9831.13;1982-09-20 16:17:56
908;sensor.v938_top_floor;nwvplgzjs;1984-02-19 05:45:28
909;sensor.v656_bottom_floor;dutvzdjdh;1954-07-28 15:04:28
910;sensor.v675_bottom_floor;sxduzdtwt;1962-07-03 01:57:48
911;sensor.v483_left_floor;8075.56;1991-12-21 14:52:02
912;sensor.v390_left_floor;9436.46;1959-07-15 16:03:07
913;sensor.v538_bottom_floor;utytplovp;1973-09-17 23:11:53
914;sensor.v360_top_floor;1454.6;1981-06-18 15:07:32
915;sensor.v587_right_floor;9342.02;1999-03-08 19:14:31
916;sensor.v713_top_floor;7657.85;1984-02-11 17:21:45
917;sensor.v919_bottom_floor;qhpwnomav;1988-04-08 05:20:17
918;sensor.v903_right_floor;onnaspfqj;1977-01-28 05:13:25
919;sensor.v612_bottom_floor;zbnkcwjkm;1998-04-28 23:53:31
920;sensor.v357_bottom_floor;9522.42;1997-03-19 11:27:35
921;sensor.v307_top_floor;6420.94;1985-12-15 10:56:45
922;sensor.v085_bottom_floor;6290.34;1973-08-03 18:12:50
923;sensor.v203_top_floor;204.4;1985-05-05 00:08:29
924;sensor.v038_bottom_floor;2204.61;1984-04-19 00:06:18
925;sensor.v492_left_floor;iwodylayu;1995-11-09 21:46:19
926;sensor.v470_bottom_floor;68.85;1972-11-22 17:37:59
927;sensor.v928_right_floor;mgsleqjhx;1983-03-10 13:58:07
928;sensor.v564_bottom_floor;7342.57;1956-10-24 01:53:08
929;sensor.v374_right_floor;981.4;1984-11-17 12:49:15
930;sensor.v651_left_floor;eukbelndh;1953-03-24 23:38:25
931;sensor.v930_top_floor;2006.35;1951-08-03 02:31:48
932;sensor.v740_right_floor;2800.98;1990-09-06 15:18:16
933;sensor.v663_left_floor;5402.34;2000-10-16 10:10:29
934;sensor.v313_left_floor;8715.16;1954-11-27 19:57:35
935;sensor.v509_top_floor;9531.0;1990-02-14 01:31:29
936;sensor.v386_right_floor;ircoraqxx;1957-11-22 17:21:01
937;sensor.v337_left_floor;qqisjakor;1952-09-21 17:03:27
938;sensor.v702_right_floor;8158.65;1988-08-06 14:09:40
939;sensor.v698_left_floor;beezqpabz;1981-08-11 07:43:58
940;sensor.v246_left_floor;8074.96;1985-07-05 20:04:05
941;sensor.v444_right_floor;6067.1;1966-06-09 15:41:00
942;sensor.v061_right_floor;8398.31;1978-10-08 13:51:25
943;sensor.v739_top_floor;711.94;1953-02-25 08:48:45
944;sensor.v406_top_floor;2191.98;1991-02-26 20:35:31
945;sensor.v551_top_floor;1806.03;1980-03-15 19:02:14
946;sensor.v276_top_floor;rrvfenefi;1976-07-09 15:40:27
947;sensor.v525_bottom_floor;lvbrvvwcd;1960-04-27 16:39:32
948;sensor.v662_left_floor;3665.63;2000-01-07 06:23:19
949;sensor.v283_left_floor;ugyjxsihi;1960-06-05 04:19:19
950;sensor.v099_bottom_floor;tjfmuygce;1971-08-07 14:40:51
951;sensor.v992_left_floor;1345.64;1979-08-01 10:55:43
952;sensor.v572_top_floor;7964.08;1986-11-19 04:15:24
953;sensor.v737_bottom_floor;5005.21;1997-01-08 16:16:29
954;sensor.v328_left_floor;vjoebwozg;1998-07-16 02:32:14
955;sensor.v931_left_floor;9440.66;1992-04-15 22:27:37
956;sensor.v950_right_floor;pofyzjntq;1957-06-23 05:07:36
957;sensor.v924_top_floor;3526.85;1952-12-02 13:02:24
958;sensor.v219_left_floor;5943.43;1976-09-22 19:34:20
959;sensor.v830_bottom_floor;gygzqajtt;1962-05-16 11:01:47
960;sensor.v826_left_floor;pboqdvbnt;1964-06-09 03:02:55
961;sensor.v810_right_floor;kbwgschhn;1972-09-19 20:53:12
962;sensor.v678_right_floor;mbgxmrbza;1961-07-15 01:39:32
963;sensor.v378_right_floor;wjejvrkqi;1976-03-08 02:43:48
964;sensor.v338_top_floor;3472.54;1970-02-07 13:16:48
965;sensor.v418_left_floor;1020.2;1950-06-14 05:40:38
966;sensor.v617_left_floor;hzjqfjrgw;1971-08-28 11:58:22
967;sensor.v044_left_floor;2984.92;1962-03-18 00:11:34
968;sensor.v061_top_floor;mjrjobmsk;2000-10-11 14:44:19
969;sensor.v703_bottom_floor;wnodpiube;1953-05-12 13:01:59
970;sensor.v158_top_floor;2810.29;1959-03-26 05:27:54
971;sensor.v687_top_floor;pbmssgyuk;1976-08-03 02:42:45
972;sensor.v486_right_floor;8759.96;1974-04-03 17:05:52
973;sensor.v794_bottom_floor;4804.82;1958-05-21 20:01:33
974;sensor.v227_top_floor;8245.71;1970-02-23 12:03:48
975;sensor.v581_left_floor;201.47;1963-07-07 18:24:30
976;sensor.v099_top_floor;8557.95;1954-02-06 23:18:42
977;sensor.v043_left_floor;mxksqncuk;1995-05-25 14:22:39
978;sensor.v751_bottom_floor;oeifkfcee;1967-01-03 21:23:01
979;sensor.v705_left_floor;350.78;1999-12-25 05:42:03
980;sensor.v024_left_floor;sqqmekdpt;1983-10-21 17:46:52
981;sensor.v498_bottom_floor;huzecbfln;1998-02-08 07:56:13
982;sensor.v238_left_floor;7484.08;1975-04-10 11:30:16
983;sensor.v310_left_floor;ajhhfabdl;1966-06-06 18:55:09
984;sensor.v933_top_floor;3819.47;1996-10-26 04:07:14
985;sensor.v264_bottom_floor;1731.95;1954-03-26 16:38:32
986;sensor.v688_left_floor;1990.48;1976-12-17 18:00:07
987;sensor.v520_bottom_floor;5881.51;1976-02-20 02:53:50
988;sensor.v369_left_floor;2661.53;1954-05-26 04:41:08
989;sensor.v132_bottom_floor;raaudborn;1976-04-12 16:50:03
990;sensor.v372_bottom_floor;5000.65;1979-11-04 06:43:59
991;sensor.v884_left_floor;auvuhggns;1988-12-20 07:16:39
992;sensor.v511_left_floor;9018.35;1962-04-12 22:44:12
993;sensor.v877_right_floor;pzozhgfoo;1988-02-22 11:38:48
994;sensor.v092_left_floor;6986.13;1989-05-18 17:57:24
995;sensor.v971_top_floor;9440.49;1983-09-22 00:37:07
996;sensor.v347_left_floor;ibigpdpoj;1990-11-01 08:42:48
997;sensor.v482_bottom_floor;tmlleetbj;1977-01-09 00:07:16
998;sensor.v351_right_floor;kfisprpeb;1954-03-16 01:10:10
999;sensor.v751_right_floor;4627.66;1962-06-12 16:58:29
