;name;value;timestamp
0;sensor.v624_right_floor;yasowvgcv;1956-02-24 15:19:18
1;sensor.v856_left_floor;kzaorwctr;1974-12-12 00:44:10
2;sensor.v315_top_floor;vuuseajcs;1957-12-06 20:34:53
3;sensor.v734_left_floor;znpfwflvh;1963-12-13 13:22:08
4;sensor.v259_right_floor;9470.01;1956-02-28 23:37:57
5;sensor.v149_right_floor;3607.14;1983-02-25 01:21:05
6;sensor.v132_top_floor;6700.92;1973-03-03 06:51:59
7;sensor.v701_right_floor;8720.59;1968-05-19 08:18:02
8;sensor.v790_bottom_floor;xhhlpjfpx;1971-11-21 04:19:29
9;sensor.v582_top_floor;2122.11;1957-01-20 12:38:04
10;sensor.v890_top_floor;6945.46;1997-02-19 14:07:50
11;sensor.v772_bottom_floor;pqofztxxm;1994-04-24 02:38:15
12;sensor.v398_bottom_floor;1313.97;1965-12-16 08:40:15
13;sensor.v933_right_floor;zxozhevcr;1954-08-13 19:47:56
14;sensor.v480_left_floor;pqswfxfyq;2000-06-12 19:22:45
15;sensor.v682_right_floor;7604.08;1950-10-21 13:30:32
16;sensor.v430_bottom_floor;3307.14;1950-10-28 20:07:42
17;sensor.v447_left_floor;hqkjrkpac;1982-03-08 02:47:32
18;sensor.v491_top_floor;707.9;1987-02-15 11:17:23
19;sensor.v878_left_floor;4203.03;1957-12-10 02:13:20
20;sensor.v903_bottom_floor;maqqpvjhi;1959-10-08 06:14:42
21;sensor.v387_right_floor;wrppxfrfj;1996-10-04 13:40:31
22;sensor.v693_bottom_floor;6299.21;1971-10-23 17:04:26
23;sensor.v631_bottom_floor;4488.29;1997-01-09 06:59:22
24;sensor.v063_bottom_floor;8497.81;1994-12-14 02:50:02
25;sensor.v383_left_floor;tqbhacajs;1956-03-19 03:06:08
26;sensor.v925_right_floor;8299.74;1982-01-06 05:39:22
27;sensor.v657_right_floor;mabtngegc;1976-12-25 23:28:38
28;sensor.v051_bottom_floor;4848.18;1976-10-12 12:45:01
29;sensor.v954_bottom_floor;4676.06;1970-01-12 13:47:15
30;sensor.v410_right_floor;4392.84;1966-10-26 23:04:35
31;sensor.v905_right_floor;7330.41;1979-12-17 17:20:57
32;sensor.v916_bottom_floor;4574.12;1981-09-22 20:01:54
33;sensor.v127_bottom_floor;652.56;1963-11-02 21:57:52
34;sensor.v589_left_floor;pjvipczec;1966-01-17 00:57:27
35;sensor.v140_right_floor;rzmyulwzd;1978-01-14 00:12:10
36;sensor.v248_left_floor;ycpcmgddo;1987-04-16 19:28:30
37;sensor.v436_left_floor;cxzvgghhf;1957-03-11 03:25:11
38;sensor.v252_bottom_floor;jzldgguly;1958-07-16 21:46:16
39;sensor.v141_top_floor;fywaxsceb;1979-04-18 21:48:14
40;sensor.v012_top_floor;6278.76;1992-03-23 07:42:18
41;sensor.v602_right_floor;fzikvdjfy;1979-02-18 01:50:35
42;sensor.v258_right_floor;oouesnczc;1991-08-02 00:09:41
43;sensor.v867_left_floor;ejrtuhxut;1966-03-07 03:12:46
44;sensor.v771_left_floor;drjyvvlkz;1985-08-07 01:53:16
45;sensor.v672_right_floor;umglqkikp;1959-12-05 13:24:54
46;sensor.v985_top_floor;4644.21;1982-02-26 12:40:37
47;sensor.v292_bottom_floor;3179.09;1965-10-13 07:27:37
48;sensor.v743_left_floor;6578.87;1979-06-16 07:44:07
49;sensor.v172_bottom_floor;nplyvohlo;1952-08-12 19:12:28
50;sensor.v875_right_floor;8135.46;1997-12-28 03:51:58
51;sensor.v248_top_floor;jcphjseca;1971-08-11 17:16:55
52;sensor.v272_top_floor;8941.17;1991-11-14 00:37:15
53;sensor.v308_bottom_floor;gxpnswldn;1970-03-10 06:35:55
54;sensor.v074_right_floor;errdjlyjq;1980-08-22 05:25:29
55;sensor.v508_right_floor;5295.63;1951-07-15 03:59:19
56;sensor.v507_top_floor;hpjikwkae;1972-05-08 18:55:44
57;sensor.v474_right_floor;2513.52;1972-09-07 08:23:47
58;sensor.v432_bottom_floor;1770.71;1957-10-15 19:35:26
59;sensor.v912_bottom_floor;6449.23;1996-11-19 05:58:17
60;sensor.v322_right_floor;6468.19;1971-11-12 01:10:46
61;sensor.v674_right_floor;skkgazytd;1973-08-23 04:48:20
62;sensor.v116_top_floor;wlsutofgr;1956-09-02 05:14:06
63;sensor.v567_top_floor;bfabzfzqz;1956-07-02 17:19:57
64;sensor.v480_right_floor;5890.69;1958-09-26 22:25:28
65;sensor.v337_top_floor;863.4;1990-04-07 05:53:14
66;sensor.v898_left_floor;nqrkplzvl;1990-03-23 23:01:50
67;sensor.v993_left_floor;jrppkwpmw;1976-06-03 18:03:12
68;sensor.v401_right_floor;thpwteeol;1983-04-25 05:58:56
69;sensor.v771_right_floor;9031.82;1983-09-25 16:15:26
70;sensor.v177_top_floor;bnovbxrxf;1990-06-12 23:24:11
71;sensor.v281_left_floor;1307.39;1989-12-08 01:09:43
72;sensor.v610_bottom_floor;oygumygie;1995-01-25 10:56:34
73;sensor.v424_top_floor;9670.28;1989-04-11 12:59:31
74;sensor.v880_right_floor;exqclvxwn;1962-02-21 05:51:39
75;sensor.v725_right_floor;wvnaohldd;1970-04-11 09:56:02
76;sensor.v461_left_floor;drwylmwuc;1978-09-24 21:25:32
77;sensor.v213_bottom_floor;2270.86;1986-03-02 07:29:23
78;sensor.v797_top_floor;532.49;1955-09-21 11:06:43
79;sensor.v666_top_floor;5753.82;1974-03-02 18:28:32
80;sensor.v425_left_floor;9380.17;1971-09-03 03:48:15
81;sensor.v496_bottom_floor;kvdrqzeci;1979-03-26 07:14:18
82;sensor.v337_top_floor;ybgqhbdzt;1955-12-24 06:51:30
83;sensor.v532_left_floor;3155.25;1953-01-01 09:30:41
84;sensor.v092_left_floor;5034.76;1959-03-01 03:05:24
85;sensor.v149_left_floor;rvwafmrwp;1965-03-13 01:58:40
86;sensor.v548_top_floor;8294.36;1961-03-12 00:48:59
87;sensor.v111_left_floor;kvekcajaq;1953-06-05 14:09:05
88;sensor.v084_bottom_floor;6184.08;1964-02-08 06:37:34
89;sensor.v055_top_floor;597.74;1984-10-12 07:43:55
90;sensor.v972_bottom_floor;5822.82;1983-05-10 04:37:51
91;sensor.v364_bottom_floor;irkclucdu;1959-08-25 14:14:47
92;sensor.v942_bottom_floor;behwbmxys;1965-06-15 15:44:06
93;sensor.v370_right_floor;iltqsunkr;1985-07-10 13:44:48
94;sensor.v267_right_floor;6737.97;1958-04-25 07:48:52
95;sensor.v475_right_floor;4181.02;1970-08-03 14:52:51
96;sensor.v130_right_floor;7549.39;1950-10-23 07:54:57
97;sensor.v759_bottom_floor;2304.3;1980-09-05 06:49:25
98;sensor.v263_bottom_floor;6260.32;1974-09-08 00:41:51
99;sensor.v781_right_floor;bmaaoscap;1997-04-07 04:14:08
100;sensor.v888_bottom_floor;1995.34;1950-07-02 22:49:21
101;sensor.v685_top_floor;pgszoqbjo;1951-11-04 05:45:44
102;sensor.v776_left_floor;5135.73;1976-06-23 11:38:10
103;sensor.v794_bottom_floor;pqbajxqlv;1998-08-21 02:39:59
104;sensor.v508_right_floor;dqhwtkcxr;1987-02-16 06:09:37
105;sensor.v978_bottom_floor;qqazxcqjb;1968-10-07 18:34:09
106;sensor.v262_bottom_floor;narcfpewf;1980-05-06 15:16:46
107;sensor.v501_left_floor;9931.87;1987-12-26 21:03:27
108;sensor.v291_right_floor;4665.91;1964-06-14 22:22:56
109;sensor.v401_left_floor;3073.95;1982-04-02 17:32:43
110;sensor.v193_top_floor;1176.11;1997-06-11 15:47:50
111;sensor.v876_left_floor;hazujftpj;1989-11-27 09:05:38
112;sensor.v048_left_floor;3982.65;1973-11-15 16:11:14
113;sensor.v547_left_floor;4359.18;1990-11-25 09:38:22
114;sensor.v059_bottom_floor;xgwgwuzgq;1955-06-19 00:56:15
115;sensor.v536_left_floor;1409.43;1957-08-17 21:35:44
116;sensor.v502_left_floor;218.54;1998-06-14 17:58:51
117;sensor.v407_right_floor;ufixinskx;1995-08-28 01:25:54
118;sensor.v528_bottom_floor;2682.93;1953-01-01 11:17:17
119;sensor.v466_right_floor;vukihphuv;1986-06-21 14:52:13
120;sensor.v836_left_floor;mpogqdfyl;2000-07-19 15:28:22
121;sensor.v758_left_floor;216.67;1964-07-23 04:17:41
122;sensor.v219_bottom_floor;9521.4;1964-12-17 06:51:20
123;sensor.v911_bottom_floor;wxmdxitfg;1951-10-11 05:44:05
124;sensor.v397_top_floor;839.22;1969-04-16 11:24:34
125;sensor.v994_bottom_floor;qsnnofakd;1952-06-18 01:29:47
126;sensor.v968_left_floor;4210.2;1988-11-18 09:44:21
127;sensor.v495_bottom_floor;3918.39;1965-09-01 17:13:25
128;sensor.v551_bottom_floor;htlsuhndo;1979-07-26 01:59:53
129;sensor.v809_bottom_floor;8090.51;1991-10-13 08:51:28
130;sensor.v416_right_floor;3289.0;1953-06-17 09:34:37
131;sensor.v574_top_floor;aknxbcxnx;1969-12-01 11:34:41
132;sensor.v557_bottom_floor;ishtchcea;1996-09-25 20:48:09
133;sensor.v805_left_floor;atwadyrao;1958-05-01 15:02:06
134;sensor.v193_bottom_floor;opgrvoahc;1975-09-13 08:19:01
135;sensor.v084_left_floor;waoutiqec;1971-12-16 16:17:31
136;sensor.v589_left_floor;urzounrsc;1999-07-05 07:15:25
137;sensor.v361_right_floor;268.11;1981-12-11 00:35:53
138;sensor.v405_bottom_floor;8844.21;1986-07-05 03:35:27
139;sensor.v531_right_floor;piijvazgl;1959-05-06 17:17:11
140;sensor.v607_bottom_floor;2303.05;1950-08-16 05:27:53
141;sensor.v642_bottom_floor;388.1;1972-03-10 09:02:06
142;sensor.v939_bottom_floor;1598.85;1970-06-19 00:09:01
143;sensor.v571_right_floor;hwfpasxed;1991-01-28 11:21:22
144;sensor.v843_left_floor;4799.07;1985-02-10 08:38:28
145;sensor.v406_top_floor;9853.67;1987-09-24 10:06:47
146;sensor.v908_right_floor;4881.38;2000-05-04 13:01:07
147;sensor.v349_left_floor;1353.48;1950-01-10 16:02:09
148;sensor.v048_left_floor;plxsgrups;1976-07-16 05:46:29
149;sensor.v980_bottom_floor;7267.39;2000-06-02 04:30:25
150;sensor.v460_right_floor;6589.61;1978-05-13 13:59:45
151;sensor.v030_right_floor;2868.33;1989-03-03 16:36:13
152;sensor.v885_left_floor;agyvcmlhn;1960-04-14 06:03:31
153;sensor.v157_top_floor;7002.48;2000-10-21 15:43:11
154;sensor.v836_bottom_floor;fliydoqcb;1984-05-04 07:50:20
155;sensor.v421_right_floor;sdpzayybn;1980-07-16 06:56:51
156;sensor.v839_bottom_floor;qsqrdrjea;1991-03-13 15:55:26
157;sensor.v773_bottom_floor;3606.51;1969-09-10 03:05:38
158;sensor.v255_top_floor;ozwzvitov;1970-04-14 18:13:20
159;sensor.v033_left_floor;zglgauwoz;1989-01-28 23:46:46
160;sensor.v112_right_floor;6807.83;1977-07-19 11:30:59
161;sensor.v160_left_floor;3961.04;1991-04-28 03:25:51
162;sensor.v913_right_floor;vodzyklgx;1974-02-16 07:48:33
163;sensor.v333_right_floor;8968.25;1973-05-08 09:26:40
164;sensor.v560_bottom_floor;khjggljdr;1979-12-25 08:28:56
165;sensor.v795_top_floor;xgxyfbqpf;1965-09-20 05:51:00
166;sensor.v977_bottom_floor;jzwuzpqff;1995-11-25 02:58:43
167;sensor.v826_top_floor;6409.51;1971-06-13 23:12:35
168;sensor.v349_left_floor;1085.5;1981-02-13 18:02:19
169;sensor.v983_bottom_floor;9884.29;1959-05-26 19:53:42
170;sensor.v371_left_floor;6728.21;1968-10-10 09:14:20
171;sensor.v846_right_floor;kmzwfxtin;1977-12-12 01:58:58
172;sensor.v750_left_floor;kljhxssje;1993-03-25 15:29:55
173;sensor.v990_right_floor;xsyvutfre;1958-09-08 16:51:40
174;sensor.v558_bottom_floor;5300.79;1980-05-20 07:23:32
175;sensor.v646_bottom_floor;357.71;1987-11-28 04:28:02
176;sensor.v968_bottom_floor;jkmzamxlj;1974-01-24 00:18:23
177;sensor.v729_bottom_floor;xxyayvgvv;1961-08-11 22:41:40
178;sensor.v496_right_floor;6611.62;1986-11-03 12:57:40
179;sensor.v465_right_floor;yjbinixfu;1966-08-01 13:36:56
180;sensor.v770_left_floor;8405.47;1995-09-03 18:46:59
181;sensor.v640_bottom_floor;jgwebefxu;1953-06-20 17:54:10
182;sensor.v929_bottom_floor;wmfwcxrsk;1970-08-16 20:41:43
183;sensor.v687_right_floor;bkfrigfvp;1978-06-02 10:45:53
184;sensor.v958_bottom_floor;obnhiudkd;1979-12-18 02:38:22
185;sensor.v610_right_floor;6730.28;1977-07-27 09:33:18
186;sensor.v190_left_floor;5418.6;1978-12-28 22:18:49
187;sensor.v325_top_floor;hkjhxxbdl;1975-07-01 02:19:20
188;sensor.v894_top_floor;veoxemijy;1977-05-02 06:01:38
189;sensor.v490_bottom_floor;bwtqokbki;1977-07-23 18:25:56
190;sensor.v496_top_floor;diuxvuawq;1950-03-13 20:20:23
191;sensor.v598_right_floor;gyzarnuzn;1966-10-17 20:44:13
192;sensor.v326_top_floor;3421.63;1998-01-24 15:01:26
193;sensor.v960_left_floor;uaslaqbah;1992-11-04 17:32:41
194;sensor.v142_right_floor;rmucndtez;1951-08-17 18:52:18
195;sensor.v880_bottom_floor;5337.86;1983-01-13 17:56:39
196;sensor.v442_bottom_floor;xsotidqwe;1963-06-16 08:12:43
197;sensor.v893_right_floor;xvscpuhmq;1969-02-15 12:08:30
198;sensor.v673_bottom_floor;iwugdxtod;1992-03-15 05:00:45
199;sensor.v084_left_floor;5707.46;1969-12-15 00:37:26
200;sensor.v400_bottom_floor;mjnvxjpmn;1961-08-22 09:13:02
201;sensor.v582_bottom_floor;4781.05;1963-08-23 19:14:44
202;sensor.v843_bottom_floor;xzkrmutcj;1965-09-08 11:49:43
203;sensor.v808_top_floor;7372.45;1959-04-20 08:55:14
204;sensor.v911_left_floor;5293.29;1961-04-22 17:14:39
205;sensor.v127_top_floor;8837.93;1955-05-13 14:32:43
206;sensor.v939_right_floor;8722.1;1995-11-17 15:03:08
207;sensor.v103_left_floor;zicfjfydf;1997-06-17 14:19:03
208;sensor.v447_right_floor;bssibobej;1962-03-11 09:17:34
209;sensor.v354_left_floor;mwichbgxy;1975-09-16 06:08:40
210;sensor.v946_right_floor;kjjlkcubf;1957-05-15 22:24:58
211;sensor.v200_top_floor;7252.67;1979-01-22 15:33:02
212;sensor.v330_left_floor;iktzahvxh;1978-07-17 13:01:32
213;sensor.v642_left_floor;ddcuxqxwv;1952-12-10 23:12:57
214;sensor.v755_bottom_floor;9361.3;1969-07-28 15:54:40
215;sensor.v844_top_floor;3927.3;1975-05-22 18:22:55
216;sensor.v315_bottom_floor;rknplfoyo;2000-06-05 07:08:14
217;sensor.v511_left_floor;3910.11;1969-09-22 23:17:18
218;sensor.v666_bottom_floor;6903.73;1967-08-13 08:06:22
219;sensor.v686_bottom_floor;sgblfhgce;1977-06-19 18:54:28
220;sensor.v947_top_floor;enbnhouzc;1981-01-19 18:36:50
221;sensor.v202_bottom_floor;2969.57;1978-11-17 02:20:22
222;sensor.v092_right_floor;syahmvrpd;1969-03-14 01:41:58
223;sensor.v358_right_floor;tcedctpwa;1968-02-25 22:08:25
224;sensor.v881_bottom_floor;neyogfmop;1969-02-25 18:51:03
225;sensor.v994_right_floor;139.0;1975-12-27 09:29:01
226;sensor.v186_right_floor;qtmxoplxc;1969-12-01 07:37:12
227;sensor.v273_bottom_floor;1256.0;1983-04-07 04:27:22
228;sensor.v081_left_floor;asdooboqe;1990-03-25 16:15:44
229;sensor.v784_top_floor;5625.55;1997-09-16 06:56:51
230;sensor.v003_bottom_floor;6428.38;1977-02-12 14:59:46
231;sensor.v743_bottom_floor;ehhqlajag;1964-04-19 03:04:46
232;sensor.v680_top_floor;1866.2;1983-01-11 06:10:38
233;sensor.v894_left_floor;wlnbymxrn;1995-02-14 16:04:47
234;sensor.v066_top_floor;imjqqhpgj;1993-04-03 01:16:56
235;sensor.v845_left_floor;4771.97;1974-09-24 20:29:11
236;sensor.v483_top_floor;fcmuecwky;1953-09-26 02:38:42
237;sensor.v357_bottom_floor;nknspoyro;1967-01-14 19:50:20
238;sensor.v169_bottom_floor;6768.78;1961-06-16 19:51:15
239;sensor.v651_bottom_floor;hfkhpyhnk;1958-10-20 01:07:26
240;sensor.v474_top_floor;rwfjgckuz;1988-03-02 02:04:27
241;sensor.v270_right_floor;5574.67;1996-11-06 02:10:51
242;sensor.v627_bottom_floor;qogkewhmr;1955-06-04 06:44:19
243;sensor.v857_bottom_floor;2960.94;1982-06-16 16:06:25
244;sensor.v127_left_floor;1091.07;1969-05-23 06:41:55
245;sensor.v556_bottom_floor;8912.34;1990-12-13 12:04:25
246;sensor.v626_left_floor;wjxtbsgju;1988-05-03 00:24:18
247;sensor.v361_bottom_floor;wwegrlcom;1986-04-28 01:56:08
248;sensor.v022_bottom_floor;2262.38;1956-06-10 10:48:15
249;sensor.v828_top_floor;9982.65;1981-02-27 23:18:58
250;sensor.v510_bottom_floor;yzldisrih;1951-06-04 11:30:51
251;sensor.v249_bottom_floor;whdwfinbo;1985-09-11 00:15:22
252;sensor.v121_left_floor;dbawvjfzq;1970-01-20 03:06:42
253;sensor.v300_bottom_floor;rvlyjehpu;1985-05-25 05:14:20
254;sensor.v878_bottom_floor;ijrqzljof;1990-05-27 14:48:12
255;sensor.v047_left_floor;qxwdfvjik;1969-01-27 10:12:40
256;sensor.v552_top_floor;1572.99;2000-08-27 15:20:50
257;sensor.v067_bottom_floor;7330.08;1971-10-19 23:15:55
258;sensor.v965_left_floor;wicblwjql;1994-02-03 12:47:15
259;sensor.v332_left_floor;btplqlpqt;1984-12-26 20:48:22
260;sensor.v091_left_floor;5261.0;1966-09-17 17:37:36
261;sensor.v721_top_floor;iczgulcus;1988-03-07 19:01:14
262;sensor.v212_left_floor;3483.18;1970-11-22 18:17:50
263;sensor.v513_left_floor;dmnfmhfud;1973-10-04 01:40:53
264;sensor.v214_right_floor;3365.03;1974-10-18 06:09:36
265;sensor.v874_left_floor;3414.01;1985-08-15 13:26:45
266;sensor.v900_top_floor;nfmnmgteh;1982-06-01 18:33:40
267;sensor.v818_left_floor;7134.55;1964-06-04 10:37:01
268;sensor.v999_left_floor;395.06;1975-09-07 05:39:56
269;sensor.v490_right_floor;swfzjfszz;1977-08-24 00:29:45
270;sensor.v864_top_floor;novviudte;1985-12-17 12:32:37
271;sensor.v343_top_floor;kxkhykako;1960-04-21 09:49:54
272;sensor.v306_bottom_floor;6455.99;1992-06-02 21:10:07
273;sensor.v939_bottom_floor;543.73;1975-10-28 17:38:01
274;sensor.v758_left_floor;9042.7;1972-11-17 10:36:20
275;sensor.v383_left_floor;ulujxkwbo;1987-08-24 01:22:24
276;sensor.v814_right_floor;4943.71;1973-03-02 08:15:54
277;sensor.v669_right_floor;5036.95;2000-06-26 01:42:01
278;sensor.v202_right_floor;syhlzeqrw;1968-12-15 12:09:04
279;sensor.v943_bottom_floor;ccjffhdop;1996-01-05 17:14:05
280;sensor.v477_bottom_floor;novbqykhw;1969-11-11 11:19:00
281;sensor.v510_top_floor;6026.01;1966-05-14 14:51:06
282;sensor.v415_bottom_floor;ttdlshswk;1965-11-12 07:11:19
283;sensor.v888_top_floor;wdzpdlksp;1987-12-15 22:09:15
284;sensor.v788_top_floor;5900.09;1980-06-27 02:12:41
285;sensor.v936_left_floor;qusrjybnh;1953-03-04 19:45:38
286;sensor.v620_right_floor;nlqeqnmcu;1951-10-05 05:29:38
287;sensor.v733_right_floor;zcyummytw;1988-09-09 21:02:10
288;sensor.v454_bottom_floor;7439.98;1954-07-04 00:16:14
289;sensor.v373_right_floor;eplgtybyk;1993-12-02 23:25:09
290;sensor.v536_bottom_floor;ncejssaox;1952-06-09 18:35:56
291;sensor.v426_right_floor;jcdfirnrp;1982-06-17 21:29:13
292;sensor.v985_bottom_floor;5573.8;1997-03-19 07:40:20
293;sensor.v518_left_floor;1910.56;1951-01-19 19:57:32
294;sensor.v979_bottom_floor;8161.3;1973-06-16 23:14:11
295;sensor.v799_top_floor;6409.0;1973-07-01 10:32:55
296;sensor.v966_left_floor;kpyjvsyjp;1964-09-23 19:06:37
297;sensor.v750_left_floor;mtyagnuev;2000-12-28 07:12:37
298;sensor.v830_bottom_floor;dibuusaod;1978-02-19 15:21:07
299;sensor.v298_bottom_floor;7641.91;1974-12-14 12:20:06
300;sensor.v834_bottom_floor;8965.7;1982-04-12 21:33:13
301;sensor.v864_top_floor;mqcsinvrc;1965-05-21 08:26:32
302;sensor.v477_left_floor;3965.31;1971-07-15 22:34:44
303;sensor.v139_right_floor;ztwxhfzyv;1966-01-11 09:14:01
304;sensor.v421_left_floor;qkmgfkpun;1985-07-02 04:43:46
305;sensor.v306_left_floor;5820.03;1964-10-09 18:56:39
306;sensor.v067_top_floor;gbpxnucys;1999-02-20 03:33:39
307;sensor.v216_bottom_floor;rocxmytsb;1975-08-28 13:58:24
308;sensor.v976_bottom_floor;4271.87;1952-07-26 05:53:02
309;sensor.v489_right_floor;8497.77;1955-10-03 21:10:27
310;sensor.v585_top_floor;8804.74;1966-07-09 13:13:10
311;sensor.v515_right_floor;1039.42;1995-08-09 09:44:48
312;sensor.v568_bottom_floor;2368.95;1986-04-17 19:50:51
313;sensor.v967_left_floor;3808.8;1958-08-16 17:06:23
314;sensor.v491_right_floor;nhvanphia;1952-09-06 07:32:23
315;sensor.v512_left_floor;1482.44;1963-05-14 16:40:44
316;sensor.v989_bottom_floor;3074.81;1991-11-26 18:34:13
317;sensor.v668_bottom_floor;ffwqjzvwc;1999-08-08 03:19:11
318;sensor.v604_right_floor;7811.4;1998-12-02 12:19:46
319;sensor.v423_bottom_floor;1263.08;1954-06-04 03:25:20
320;sensor.v502_bottom_floor;131.51;1996-09-04 13:16:41
321;sensor.v115_right_floor;9489.28;1966-12-03 13:34:24
322;sensor.v928_top_floor;7608.64;1983-09-09 16:26:40
323;sensor.v861_top_floor;curdemdtu;1950-09-20 20:46:00
324;sensor.v655_left_floor;3277.34;1997-03-08 00:06:04
325;sensor.v888_bottom_floor;211.98;1963-10-08 07:58:54
326;sensor.v529_bottom_floor;5116.3;1971-07-10 00:01:01
327;sensor.v890_top_floor;5828.54;1952-05-21 01:12:20
328;sensor.v433_bottom_floor;dblginixl;2000-11-02 16:28:35
329;sensor.v713_bottom_floor;950.58;1980-12-19 13:52:22
330;sensor.v971_left_floor;mqeirvnhe;1975-12-03 20:35:33
331;sensor.v952_right_floor;geohiunzk;1986-05-28 01:23:18
332;sensor.v593_right_floor;5320.05;1958-11-23 06:36:32
333;sensor.v910_right_floor;4653.35;1978-08-24 06:20:09
334;sensor.v727_top_floor;2461.36;1976-04-19 14:56:38
335;sensor.v073_top_floor;7444.84;1955-11-19 22:42:23
336;sensor.v735_left_floor;6403.93;1969-03-18 04:55:15
337;sensor.v962_bottom_floor;xswznccem;1985-03-08 18:32:35
338;sensor.v183_left_floor;yaoagnual;1997-06-03 06:07:41
339;sensor.v081_top_floor;7473.69;2000-09-04 08:26:11
340;sensor.v995_top_floor;bpaqnshor;1965-08-12 15:42:54
341;sensor.v332_left_floor;8590.75;1966-06-10 05:29:56
342;sensor.v647_top_floor;uhtkkoefx;1974-08-11 15:33:33
343;sensor.v578_bottom_floor;fvhgbwtkh;1953-12-15 23:58:34
344;sensor.v437_left_floor;dpxkusost;1983-06-09 22:35:38
345;sensor.v001_right_floor;kpkrrrpqu;1970-02-20 13:57:36
346;sensor.v923_left_floor;seembkxdx;1970-10-11 21:10:37
347;sensor.v474_top_floor;8733.74;1966-01-01 00:21:36
348;sensor.v638_bottom_floor;gfszzwnpj;1978-09-10 15:53:44
349;sensor.v472_top_floor;gprwzqcxx;1975-10-10 09:17:52
350;sensor.v965_left_floor;yozpyxnjb;1979-07-03 14:00:41
351;sensor.v934_top_floor;3465.62;1983-07-03 05:48:32
352;sensor.v356_top_floor;qmsbodohs;1991-07-11 06:36:27
353;sensor.v204_bottom_floor;qbqzmgaun;1981-06-03 00:44:57
354;sensor.v452_bottom_floor;600.55;1966-08-17 10:39:23
355;sensor.v030_left_floor;2813.92;1998-11-01 01:20:42
356;sensor.v955_left_floor;6562.64;2000-05-20 07:56:00
357;sensor.v205_right_floor;1134.71;1966-12-04 09:21:37
358;sensor.v108_left_floor;4178.12;1989-03-18 17:57:17
359;sensor.v902_top_floor;ryhgcufgm;1974-04-13 13:42:44
360;sensor.v212_bottom_floor;4839.58;2000-01-15 07:46:57
361;sensor.v746_left_floor;9385.68;1978-08-09 07:34:49
362;sensor.v397_bottom_floor;enaotdxuc;1968-06-22 01:31:50
363;sensor.v853_bottom_floor;2772.43;1988-05-28 20:56:48
364;sensor.v538_right_floor;788.68;1960-04-22 11:21:13
365;sensor.v927_top_floor;eitvqsboq;1950-12-06 08:05:07
366;sensor.v026_left_floor;1305.2;1968-02-25 13:35:09
367;sensor.v066_bottom_floor;pymlbiubl;1972-04-12 23:19:03
368;sensor.v545_top_floor;7421.63;1983-12-11 23:52:28
369;sensor.v607_top_floor;2573.88;1958-01-05 18:00:50
370;sensor.v898_bottom_floor;kenqvdfwk;1961-10-19 04:55:58
371;sensor.v158_right_floor;9289.88;1990-11-14 10:23:23
372;sensor.v875_right_floor;7490.09;1954-12-26 04:03:34
373;sensor.v074_bottom_floor;vdvumkkya;1967-04-03 05:58:23
374;sensor.v752_left_floor;dewvjkncr;1984-01-20 07:55:24
375;sensor.v795_bottom_floor;inbondkdk;1987-12-01 04:21:17
376;sensor.v111_bottom_floor;nhznvvpca;1992-05-06 15:37:44
377;sensor.v849_right_floor;5532.62;1975-03-17 17:26:34
378;sensor.v373_bottom_floor;doedidiwy;1990-09-27 10:11:24
379;sensor.v873_bottom_floor;8002.88;1969-03-04 16:24:45
380;sensor.v829_top_floor;jfexwwzrx;1998-01-26 23:01:26
381;sensor.v012_bottom_floor;yzgwhgkux;1969-12-18 03:03:40
382;sensor.v056_left_floor;1117.0;1968-02-19 19:01:13
383;sensor.v853_top_floor;8032.97;1952-03-21 16:32:27
384;sensor.v683_top_floor;bxwhinvbb;1995-06-23 16:45:31
385;sensor.v965_left_floor;ygshrhbpw;1983-09-15 23:14:00
386;sensor.v849_right_floor;gdpmfrzec;1991-10-12 00:43:02
387;sensor.v215_bottom_floor;mefiebjlh;1988-08-03 00:03:32
388;sensor.v107_left_floor;xabhfmbpf;1971-12-23 06:06:47
389;sensor.v410_left_floor;9172.87;1964-10-26 21:27:49
390;sensor.v188_left_floor;8903.35;1968-11-14 06:54:28
391;sensor.v097_bottom_floor;3835.12;1994-09-09 05:06:27
392;sensor.v786_right_floor;953.12;1991-03-21 19:18:30
393;sensor.v471_right_floor;3562.63;1993-11-22 16:17:08
394;sensor.v640_right_floor;brvdgxrhv;1972-02-22 15:57:35
395;sensor.v172_right_floor;9513.61;1999-02-24 10:40:39
396;sensor.v591_top_floor;pgxhopanb;1998-09-10 21:39:19
397;sensor.v648_top_floor;1627.23;1997-08-18 15:30:06
398;sensor.v951_left_floor;rlhzorhxo;1981-12-03 16:55:17
399;sensor.v899_top_floor;xvqysnoam;1960-09-02 19:30:58
400;sensor.v584_right_floor;mscxjxgee;1979-09-10 14:35:22
401;sensor.v596_left_floor;8818.14;1970-12-25 02:10:05
402;sensor.v479_top_floor;hnlsrgdjm;1998-05-26 03:13:33
403;sensor.v192_left_floor;3452.0;1965-08-09 15:56:37
404;sensor.v720_top_floor;yytwgruzo;1950-09-24 14:08:36
405;sensor.v492_left_floor;otfemixux;1986-05-05 02:26:29
406;sensor.v552_left_floor;cswcvgqru;1973-12-09 18:22:05
407;sensor.v543_bottom_floor;8078.86;1993-12-13 19:50:18
408;sensor.v167_bottom_floor;9559.22;1972-05-24 06:44:24
409;sensor.v949_right_floor;4561.86;1999-01-03 23:58:55
410;sensor.v553_right_floor;9480.73;1989-05-06 07:37:39
411;sensor.v439_left_floor;9595.08;1951-12-13 23:05:32
412;sensor.v375_right_floor;uyhzzfaxo;1969-08-19 17:20:36
413;sensor.v095_bottom_floor;iujcezber;1991-05-03 04:33:23
414;sensor.v132_top_floor;8414.69;1991-10-12 02:22:54
415;sensor.v037_right_floor;bjadnqovg;1973-11-03 19:48:34
416;sensor.v189_left_floor;yghkgmbqt;1985-07-04 18:09:18
417;sensor.v331_right_floor;2461.01;1972-06-13 22:31:10
418;sensor.v552_left_floor;hgogobwdi;1971-09-26 11:06:16
419;sensor.v516_left_floor;mcgmdydlx;1990-11-09 13:39:53
420;sensor.v940_left_floor;rgtcdaxhl;1953-12-01 05:42:03
421;sensor.v616_left_floor;9786.09;1954-06-06 21:37:40
422;sensor.v742_right_floor;fggtrkyuc;1955-11-26 02:14:20
423;sensor.v902_right_floor;1966.01;2000-02-08 05:11:46
424;sensor.v744_bottom_floor;2661.94;1981-04-10 09:50:06
425;sensor.v908_left_floor;5144.41;1957-10-04 14:10:34
426;sensor.v226_right_floor;7090.47;1970-09-05 20:07:18
427;sensor.v217_left_floor;dtdxybfqb;1983-05-02 08:40:44
428;sensor.v550_left_floor;wtungoaad;1961-10-03 03:52:23
429;sensor.v397_bottom_floor;6214.56;1975-04-24 23:06:57
430;sensor.v241_top_floor;maxklwrkc;1986-10-25 23:25:44
431;sensor.v532_top_floor;2295.21;1951-04-05 21:19:31
432;sensor.v879_top_floor;juqiqvvam;1979-09-14 09:01:29
433;sensor.v323_top_floor;soptmksyz;1965-01-23 16:05:51
434;sensor.v055_bottom_floor;elhffhlto;1989-06-23 23:37:21
435;sensor.v549_right_floor;9235.08;1970-12-21 02:43:48
436;sensor.v668_bottom_floor;3243.32;1997-07-26 01:03:54
437;sensor.v168_bottom_floor;9597.13;1955-07-24 12:01:09
438;sensor.v673_left_floor;fmgzuuway;1959-10-07 06:35:12
439;sensor.v838_left_floor;9715.12;1955-07-01 09:09:41
440;sensor.v047_right_floor;7097.35;1985-01-13 06:40:48
441;sensor.v165_top_floor;ajwkfyjfk;1964-07-20 08:50:27
442;sensor.v810_bottom_floor;qkggokwdt;1978-03-07 05:52:10
443;sensor.v736_bottom_floor;2154.72;1995-12-23 14:25:54
444;sensor.v480_left_floor;btgxusdgu;1969-06-07 22:51:04
445;sensor.v423_right_floor;coqoneaoo;1992-11-08 02:11:42
446;sensor.v707_right_floor;rwxxikach;1974-03-11 22:22:15
447;sensor.v705_bottom_floor;6275.88;1987-09-15 10:07:41
448;sensor.v260_left_floor;8296.86;1976-10-10 01:01:51
449;sensor.v212_bottom_floor;9282.98;1973-12-18 07:16:54
450;sensor.v718_right_floor;7651.94;1957-02-09 15:00:42
451;sensor.v016_left_floor;8447.45;1971-03-23 03:37:06
452;sensor.v610_left_floor;doqhszwwy;1992-07-12 16:33:17
453;sensor.v950_left_floor;wmywswpse;1954-04-10 04:18:29
454;sensor.v725_bottom_floor;4707.28;1959-10-11 23:08:15
455;sensor.v862_right_floor;irncaluvu;1963-07-20 14:02:34
456;sensor.v045_bottom_floor;mmgjajcvu;1955-06-03 02:37:14
457;sensor.v780_bottom_floor;xvsbkligo;1964-01-07 04:19:30
458;sensor.v421_top_floor;jsteicfve;1991-02-25 03:30:40
459;sensor.v397_right_floor;1908.72;1990-10-15 03:03:26
460;sensor.v744_right_floor;yhgcamwwv;1977-09-13 18:29:29
461;sensor.v203_right_floor;8763.18;1954-05-10 02:16:36
462;sensor.v375_left_floor;7336.84;1951-06-17 09:10:16
463;sensor.v536_top_floor;rqwcsmtuo;1995-10-13 08:59:42
464;sensor.v369_bottom_floor;rssprfvnn;1989-10-17 10:11:49
465;sensor.v901_right_floor;2060.39;1950-11-15 09:37:24
466;sensor.v317_right_floor;3911.11;1954-08-26 10:29:29
467;sensor.v388_bottom_floor;7615.57;1954-03-11 00:33:27
468;sensor.v513_top_floor;snlfhmqmb;1985-01-23 00:56:12
469;sensor.v791_right_floor;8933.61;1997-12-07 14:41:55
470;sensor.v176_left_floor;thpuuknyn;1954-09-18 11:08:33
471;sensor.v338_top_floor;icysiwmxw;1980-05-03 22:24:04
472;sensor.v846_left_floor;rpgadbhas;1982-05-27 15:54:10
473;sensor.v719_bottom_floor;hpjoptkqs;1981-03-27 18:41:50
474;sensor.v270_right_floor;xroycbewh;1969-11-03 07:28:50
475;sensor.v364_bottom_floor;612.9;1986-07-26 13:07:15
476;sensor.v908_bottom_floor;7254.35;2000-11-11 07:43:10
477;sensor.v148_top_floor;jzknkikxg;1977-03-24 07:59:32
478;sensor.v065_top_floor;6025.89;1950-11-17 16:33:46
479;sensor.v404_right_floor;urmyfjtnv;1976-11-17 20:08:35
480;sensor.v844_right_floor;zybkuvkfu;1959-06-20 17:22:40
481;sensor.v805_bottom_floor;spkrmuykx;1984-04-10 22:11:28
482;sensor.v325_right_floor;5759.47;1972-09-19 03:14:19
483;sensor.v768_left_floor;6334.92;1981-10-15 11:39:35
484;sensor.v066_bottom_floor;3229.02;1960-02-15 04:14:24
485;sensor.v462_right_floor;bfpukkxaz;1976-06-23 12:05:40
486;sensor.v826_top_floor;3793.39;1963-11-22 03:40:34
487;sensor.v826_top_floor;tpvszuqpn;1988-12-25 05:22:45
488;sensor.v095_right_floor;4976.68;1954-06-17 02:03:19
489;sensor.v103_left_floor;9510.61;1977-01-17 23:55:21
490;sensor.v913_left_floor;4220.51;1960-12-26 13:55:04
491;sensor.v972_top_floor;9782.6;1985-02-14 15:46:07
492;sensor.v464_bottom_floor;5567.1;1951-07-03 15:12:48
493;sensor.v682_bottom_floor;ccmaffshf;1971-07-11 13:12:18
494;sensor.v514_bottom_floor;9552.64;1963-08-11 03:23:11
495;sensor.v469_bottom_floor;vukhcpkzl;1970-09-07 21:52:43
496;sensor.v455_bottom_floor;suzplvvag;1992-05-25 10:22:13
497;sensor.v042_bottom_floor;7049.54;1969-12-23 00:24:06
498;sensor.v118_right_floor;lzcbrumdo;1958-10-15 20:17:22
499;sensor.v258_left_floor;609.43;1995-03-28 21:29:05
500;sensor.v682_bottom_floor;igfupkeqg;1983-07-05 14:05:22
501;sensor.v908_bottom_floor;czvsgakei;1988-02-03 18:41:13
502;sensor.v197_top_floor;cmwvvmyve;1962-10-07 12:37:11
503;sensor.v079_top_floor;zsuqpnila;1959-11-15 10:42:53
504;sensor.v160_right_floor;6733.76;1963-10-05 09:30:24
505;sensor.v662_bottom_floor;faexdaiza;1974-10-08 06:43:22
506;sensor.v628_right_floor;gbicoykhc;1971-02-13 22:57:46
507;sensor.v096_top_floor;ueyzsddmn;1980-03-13 17:34:12
508;sensor.v909_bottom_floor;qcshqyeta;1963-01-24 14:38:24
509;sensor.v240_bottom_floor;cijkngdsa;1996-04-10 09:04:36
510;sensor.v480_right_floor;2856.31;1955-06-18 04:08:39
511;sensor.v975_bottom_floor;edtnrqiuh;1956-08-14 20:58:48
512;sensor.v501_bottom_floor;8890.13;1950-02-17 23:47:24
513;sensor.v341_bottom_floor;722.76;1986-11-20 07:40:56
514;sensor.v481_right_floor;hxspkyxzn;1965-06-04 12:11:45
515;sensor.v873_right_floor;8836.9;1951-02-16 13:37:07
516;sensor.v412_right_floor;1107.7;1968-12-03 18:49:44
517;sensor.v081_bottom_floor;3291.71;1987-09-01 07:58:28
518;sensor.v737_right_floor;qbewlliff;1951-12-12 21:58:36
519;sensor.v380_right_floor;6402.07;2000-02-09 22:47:42
520;sensor.v557_bottom_floor;pcmrzwsvu;1977-09-09 02:08:52
521;sensor.v659_right_floor;7328.83;1960-09-07 15:51:05
522;sensor.v428_top_floor;1578.85;1957-09-24 21:34:30
523;sensor.v095_right_floor;ckyqdyhaf;1965-11-03 03:58:07
524;sensor.v199_left_floor;3404.73;1979-03-09 02:01:10
525;sensor.v422_bottom_floor;3154.35;1983-03-09 22:06:29
526;sensor.v109_right_floor;2676.23;1956-06-15 16:08:15
527;sensor.v616_top_floor;1365.38;1955-06-11 01:15:14
528;sensor.v195_left_floor;7748.95;1971-12-03 20:40:52
529;sensor.v938_right_floor;jdyzsgikk;1991-04-07 22:37:16
530;sensor.v305_top_floor;4311.78;1994-02-05 07:59:51
531;sensor.v769_left_floor;tyofyeldn;1991-04-07 09:48:38
532;sensor.v291_bottom_floor;252.65;1962-02-28 00:43:29
533;sensor.v589_left_floor;3017.39;1990-07-15 18:17:16
534;sensor.v725_top_floor;ggjpycrhd;1959-02-05 11:56:25
535;sensor.v813_bottom_floor;gwnsrqrnd;2000-06-02 02:47:26
536;sensor.v400_bottom_floor;6064.64;1984-06-21 04:38:37
537;sensor.v980_top_floor;olwsjhoic;1998-06-13 04:59:15
538;sensor.v541_right_floor;229.71;1973-07-07 09:44:06
539;sensor.v377_bottom_floor;wscvjhwzj;1984-06-18 02:48:50
540;sensor.v380_bottom_floor;9442.57;1980-02-09 18:01:19
541;sensor.v496_right_floor;oxaafgfft;1974-03-01 02:23:23
542;sensor.v461_left_floor;9624.71;1984-08-24 12:52:16
543;sensor.v522_top_floor;7165.92;1982-04-27 21:12:24
544;sensor.v047_top_floor;5922.68;1969-02-07 22:50:06
545;sensor.v569_top_floor;jmaohikey;1980-10-25 02:04:43
546;sensor.v221_top_floor;bhwpxwsdw;1966-03-09 17:47:49
547;sensor.v230_left_floor;mgqaaplvz;1957-06-07 11:39:47
548;sensor.v878_right_floor;4260.25;1995-04-03 19:20:14
549;sensor.v642_bottom_floor;omyzzjgfo;1961-11-16 20:06:39
550;sensor.v935_bottom_floor;thufphlwz;1966-01-27 11:01:56
551;sensor.v198_top_floor;4914.64;1953-07-22 13:17:16
552;sensor.v173_top_floor;uegtfkuwx;1953-03-06 20:37:17
553;sensor.v007_right_floor;krubxmefb;1958-01-11 01:13:09
554;sensor.v659_right_floor;pjbglrwfn;1979-07-04 01:57:08
555;sensor.v508_right_floor;7216.28;1954-11-09 13:02:32
556;sensor.v677_right_floor;8113.6;1982-11-21 01:47:08
557;sensor.v090_left_floor;brbysavcv;2000-11-10 08:36:33
558;sensor.v037_left_floor;2372.06;1970-11-07 12:24:33
559;sensor.v670_left_floor;kkbbdcblg;1963-05-09 09:10:35
560;sensor.v854_right_floor;4033.33;1952-11-23 14:35:19
561;sensor.v659_left_floor;mcngqehmy;1959-03-01 04:04:41
562;sensor.v515_bottom_floor;2634.31;1952-06-23 03:33:47
563;sensor.v105_top_floor;yacvzjuuk;1988-06-27 03:34:47
564;sensor.v221_top_floor;mpsuolbhd;1966-05-05 08:03:06
565;sensor.v717_right_floor;bblwlssky;1954-03-26 02:27:01
566;sensor.v785_top_floor;qrcnrqjwn;1985-09-01 13:56:10
567;sensor.v027_bottom_floor;fxbznwpth;1974-02-01 14:40:27
568;sensor.v208_right_floor;2975.05;1989-03-16 02:02:18
569;sensor.v103_bottom_floor;qdfciypzw;1980-10-27 20:53:51
570;sensor.v324_right_floor;tlusdaxvm;1977-07-01 15:47:55
571;sensor.v313_left_floor;ukfsytmxg;1990-08-04 08:02:43
572;sensor.v048_left_floor;9878.3;1977-12-24 04:58:24
573;sensor.v885_bottom_floor;3483.08;1983-10-14 10:51:49
574;sensor.v664_bottom_floor;4629.96;1962-06-04 11:27:14
575;sensor.v826_left_floor;xjrdwacws;1957-07-13 14:38:56
576;sensor.v040_bottom_floor;6749.75;1988-03-10 02:09:50
577;sensor.v618_bottom_floor;2362.99;1997-11-15 05:27:23
578;sensor.v116_bottom_floor;psmxtgqgp;1956-09-15 08:23:31
579;sensor.v473_left_floor;bfjjjxccz;1963-09-10 23:05:59
580;sensor.v878_right_floor;550.99;1999-07-19 04:52:04
581;sensor.v167_right_floor;xwfleuwqs;1959-09-06 15:42:58
582;sensor.v038_top_floor;6070.16;1994-04-01 22:22:47
583;sensor.v545_right_floor;9202.77;1990-10-04 22:13:04
584;sensor.v545_right_floor;9202.77;1990-10-04 22:13:04
585;sensor.v592_top_floor;nnzetnnuz;1978-01-13 10:21:19
586;sensor.v121_bottom_floor;5983.66;2000-04-23 02:14:25
587;sensor.v685_top_floor;plujymzot;1965-09-07 05:15:00
588;sensor.v840_bottom_floor;755.26;1998-01-22 10:49:30
589;sensor.v223_right_floor;cmksulpcn;1966-11-15 17:26:00
590;sensor.v796_top_floor;9376.7;1957-07-15 20:42:45
591;sensor.v829_bottom_floor;yaxracbrz;1991-05-24 16:34:29
592;sensor.v056_left_floor;oalvewpap;1993-11-23 16:16:46
593;sensor.v510_right_floor;cjbnhothj;1981-10-11 18:05:07
594;sensor.v317_right_floor;kkurrjbdq;1988-11-01 21:42:08
595;sensor.v889_top_floor;1220.57;1978-08-19 08:53:29
596;sensor.v295_bottom_floor;8855.68;1973-04-05 05:31:54
597;sensor.v532_left_floor;ygjfozane;1993-05-01 06:08:05
598;sensor.v087_left_floor;7262.02;1970-03-10 15:05:45
599;sensor.v700_right_floor;tjkxwdrdi;1961-05-14 21:38:44
600;sensor.v660_top_floor;8232.77;1956-03-19 04:35:50
601;sensor.v359_left_floor;pzpufqlhk;1964-07-09 00:17:38
602;sensor.v114_right_floor;1339.59;1953-04-07 22:08:10
603;sensor.v025_right_floor;lxkebzchq;1965-07-11 12:27:41
604;sensor.v684_right_floor;9584.84;1991-07-10 08:21:23
605;sensor.v357_top_floor;1964.88;1997-07-07 16:09:31
606;sensor.v299_right_floor;7324.42;1951-02-17 15:42:37
607;sensor.v280_left_floor;ivxoqjndh;1995-03-01 10:12:58
608;sensor.v874_bottom_floor;moirvcluq;1977-03-06 23:43:23
609;sensor.v794_top_floor;7517.38;1985-01-04 19:15:45
610;sensor.v253_bottom_floor;3476.64;2000-03-01 14:34:11
611;sensor.v603_top_floor;7473.41;1959-10-18 20:48:06
612;sensor.v386_top_floor;8516.93;1991-10-02 07:26:44
613;sensor.v871_right_floor;salkrhtfq;1980-11-21 22:18:15
614;sensor.v503_top_floor;ksqbkxwst;1963-06-04 07:37:00
615;sensor.v915_right_floor;rnowyrcfu;1975-05-01 03:15:56
616;sensor.v836_bottom_floor;9563.04;1980-05-13 01:47:59
617;sensor.v478_top_floor;ufswkpgjc;1981-05-15 17:47:40
618;sensor.v096_bottom_floor;1079.39;1956-10-09 18:17:27
619;sensor.v944_top_floor;4455.21;1985-10-24 04:20:35
620;sensor.v166_top_floor;rmijftctp;1953-03-27 13:22:59
621;sensor.v010_bottom_floor;1230.88;1969-10-08 13:05:50
622;sensor.v250_top_floor;5185.85;1972-10-18 00:25:01
623;sensor.v036_top_floor;3020.52;1963-12-28 09:28:22
624;sensor.v263_top_floor;824.77;1962-10-02 04:41:47
625;sensor.v121_right_floor;azusjkpul;1977-06-11 21:33:28
626;sensor.v504_right_floor;lsdnseqbe;1991-09-09 04:02:47
627;sensor.v232_right_floor;5649.11;1954-02-05 00:22:15
628;sensor.v523_right_floor;5255.13;1997-08-17 14:28:19
629;sensor.v094_top_floor;3129.58;1977-11-17 09:31:48
630;sensor.v275_top_floor;1440.2;1980-11-20 19:42:39
631;sensor.v268_bottom_floor;iapzdvmne;1987-01-19 05:21:16
632;sensor.v718_right_floor;6205.47;1975-07-21 22:57:55
633;sensor.v964_top_floor;6149.95;1981-10-10 03:04:24
634;sensor.v317_bottom_floor;lofmrengm;1996-11-27 16:17:58
635;sensor.v625_top_floor;5671.58;1974-12-19 09:28:59
636;sensor.v403_left_floor;khepzsfsg;1999-03-20 02:34:41
637;sensor.v025_top_floor;nhshonyyf;1958-09-04 01:48:18
638;sensor.v379_bottom_floor;814.46;1987-04-27 07:14:02
639;sensor.v865_top_floor;zupkrxdze;1960-11-11 11:00:12
640;sensor.v500_top_floor;1928.19;1956-12-22 09:18:29
641;sensor.v326_left_floor;5556.06;1983-08-03 04:44:40
642;sensor.v723_top_floor;206.81;1997-09-26 21:57:35
643;sensor.v969_top_floor;1721.56;1999-09-13 16:51:35
644;sensor.v815_left_floor;clmaasejp;1998-08-20 09:47:32
645;sensor.v834_left_floor;4894.9;1998-01-07 03:54:02
646;sensor.v826_right_floor;oyhmkwabd;1975-06-07 20:17:35
647;sensor.v310_right_floor;chdkshxyw;1995-02-22 00:38:00
648;sensor.v557_right_floor;thmpodwlh;1963-10-12 03:26:44
649;sensor.v063_bottom_floor;jfhcwvbzh;1985-01-11 10:03:30
650;sensor.v685_left_floor;ryvfsnqpt;1971-10-09 15:37:36
651;sensor.v354_right_floor;wutysqheb;1988-07-08 07:52:29
652;sensor.v081_top_floor;cbrhbueyo;1953-04-01 20:18:03
653;sensor.v082_bottom_floor;6639.64;1985-12-20 21:23:42
654;sensor.v862_bottom_floor;6372.52;1989-06-15 03:43:33
655;sensor.v499_top_floor;kqdlqzikz;1988-03-28 16:30:10
656;sensor.v881_bottom_floor;9233.22;1997-02-08 15:51:15
657;sensor.v228_bottom_floor;6563.67;1960-04-10 11:44:15
658;sensor.v624_left_floor;pdrwtydqo;1982-04-24 02:14:53
659;sensor.v745_right_floor;zuubxdykv;1957-06-13 02:48:34
660;sensor.v720_left_floor;8824.28;1981-08-28 17:41:04
661;sensor.v105_bottom_floor;ftyiiuvws;1982-05-02 11:24:35
662;sensor.v339_top_floor;9312.58;1955-06-03 15:12:37
663;sensor.v956_right_floor;dqsfpuisi;1988-02-15 08:03:27
664;sensor.v542_left_floor;1086.77;1968-12-27 07:20:18
665;sensor.v349_bottom_floor;104.17;1980-11-24 07:54:13
666;sensor.v406_right_floor;zlanrptjf;1964-07-18 16:12:39
667;sensor.v819_top_floor;9576.92;1970-10-03 13:11:00
668;sensor.v576_top_floor;3499.48;1996-06-16 09:13:29
669;sensor.v322_right_floor;8139.26;1973-02-16 15:01:03
670;sensor.v822_top_floor;ogvblivjt;1964-06-14 08:03:10
671;sensor.v917_top_floor;miwyrsqvb;1967-06-19 01:39:21
672;sensor.v945_left_floor;ktxrmswpc;1957-05-17 16:22:49
673;sensor.v257_bottom_floor;pboshvqve;1962-02-07 10:23:55
674;sensor.v366_top_floor;4792.78;1966-04-06 02:25:02
675;sensor.v556_top_floor;2380.31;1988-02-26 00:26:44
676;sensor.v628_top_floor;koqmiapxd;1999-05-25 14:47:21
677;sensor.v792_bottom_floor;pxwncrjuy;1998-11-18 17:35:29
678;sensor.v190_top_floor;6324.25;1996-01-15 06:25:00
679;sensor.v534_left_floor;5638.66;1965-07-01 01:35:22
680;sensor.v250_left_floor;1376.73;1964-01-01 10:53:24
681;sensor.v783_top_floor;kzeggzipl;1973-10-08 22:38:10
682;sensor.v945_left_floor;140.2;1954-02-17 12:26:09
683;sensor.v546_left_floor;4288.82;1985-03-01 14:11:43
684;sensor.v991_bottom_floor;8319.34;1985-06-06 12:17:16
685;sensor.v310_right_floor;3812.39;1957-11-27 14:27:07
686;sensor.v249_bottom_floor;8065.96;1979-03-01 08:21:07
687;sensor.v698_bottom_floor;1757.71;1983-09-23 00:55:28
688;sensor.v638_left_floor;8498.31;1982-06-02 11:49:33
689;sensor.v092_bottom_floor;5921.14;1988-10-18 20:01:29
690;sensor.v265_left_floor;qyflsozbr;1990-02-04 15:57:12
691;sensor.v782_top_floor;9571.78;1984-11-22 09:02:11
692;sensor.v946_left_floor;ijfvlevcc;1959-05-26 02:07:37
693;sensor.v685_right_floor;rcliqbljx;1974-08-11 00:49:02
694;sensor.v000_bottom_floor;2494.22;1991-09-01 19:13:43
695;sensor.v732_left_floor;3166.49;1997-11-14 03:40:14
696;sensor.v793_bottom_floor;wxirdjpuq;1983-09-17 01:15:27
697;sensor.v183_left_floor;7214.11;1953-09-22 09:15:34
698;sensor.v995_left_floor;4401.16;1966-09-25 14:01:21
699;sensor.v189_left_floor;2724.52;1973-05-16 10:41:35
700;sensor.v267_right_floor;rgdrkdhec;1996-07-28 12:58:20
701;sensor.v995_right_floor;1180.22;1973-10-24 09:58:29
702;sensor.v845_left_floor;njqgeuikt;1980-03-12 04:02:44
703;sensor.v328_top_floor;mgzgiqzwh;1952-09-17 04:01:24
704;sensor.v429_top_floor;qildrccej;1982-02-02 02:40:44
705;sensor.v344_left_floor;3255.34;1975-04-06 02:55:27
706;sensor.v372_right_floor;615.59;2000-03-14 10:46:33
707;sensor.v714_top_floor;oyeyxigiy;1960-01-08 12:54:32
708;sensor.v509_bottom_floor;jyrkbuhug;1964-03-11 17:54:05
709;sensor.v247_right_floor;7982.68;1965-06-19 01:42:47
710;sensor.v851_top_floor;rcqjjakgr;1970-10-26 10:21:53
711;sensor.v719_left_floor;7662.94;1951-08-09 14:23:02
712;sensor.v900_right_floor;boaxrjndy;1993-06-20 22:38:52
713;sensor.v057_right_floor;4488.04;1999-02-21 16:28:24
714;sensor.v668_bottom_floor;mtfrwwwze;1995-08-14 09:21:37
715;sensor.v477_bottom_floor;rlzbhqvjn;1994-05-23 10:44:08
716;sensor.v408_bottom_floor;6423.01;1989-03-12 21:37:06
717;sensor.v382_top_floor;ghpodaqvh;1987-07-16 01:12:11
718;sensor.v258_bottom_floor;2020.91;1991-08-07 17:18:31
719;sensor.v601_top_floor;lwmqonmwt;1971-05-18 22:34:29
720;sensor.v610_bottom_floor;wwhxsyzof;1950-10-07 04:04:07
721;sensor.v526_bottom_floor;3710.01;1950-06-18 10:07:40
722;sensor.v367_top_floor;aoznlvhdj;1952-05-28 16:03:03
723;sensor.v558_right_floor;lkazelukw;1953-06-11 06:59:10
724;sensor.v991_bottom_floor;msfsxuvyb;1959-09-26 05:31:29
725;sensor.v484_top_floor;oefjymjin;1958-04-01 09:32:44
726;sensor.v598_right_floor;kexbpberr;1968-09-03 03:13:57
727;sensor.v062_left_floor;jbqvarmzg;1998-01-13 03:24:57
728;sensor.v329_left_floor;7570.79;1986-03-04 02:45:56
729;sensor.v507_bottom_floor;6756.52;1987-03-17 08:18:28
730;sensor.v051_right_floor;2789.9;1960-07-06 20:26:07
731;sensor.v595_bottom_floor;3525.12;1980-06-18 14:31:38
732;sensor.v563_top_floor;xnvzejckw;1978-10-08 09:18:21
733;sensor.v690_left_floor;3437.27;1979-01-08 17:27:12
734;sensor.v034_left_floor;mqbvaklfe;1981-07-17 06:14:53
735;sensor.v102_top_floor;2426.21;1986-07-12 14:44:57
736;sensor.v345_right_floor;jpabmewbu;1965-05-27 09:17:28
737;sensor.v425_right_floor;7497.95;1958-11-18 00:19:27
738;sensor.v211_bottom_floor;9604.51;1980-10-12 19:46:40
739;sensor.v558_left_floor;dhzpmwhip;1973-09-11 02:55:08
740;sensor.v612_top_floor;5764.49;1960-05-13 03:57:26
741;sensor.v993_left_floor;6148.81;1953-11-24 20:45:25
742;sensor.v567_left_floor;4454.96;1953-02-25 20:40:35
743;sensor.v417_top_floor;ensewqvyk;1988-12-06 14:15:33
744;sensor.v473_top_floor;1915.39;1968-06-26 18:19:56
745;sensor.v047_right_floor;9966.62;2000-03-07 03:20:55
746;sensor.v921_left_floor;9405.84;1982-08-24 17:32:52
747;sensor.v509_top_floor;qclabqwpj;1950-08-21 19:55:04
748;sensor.v005_right_floor;610.1;1973-02-20 17:04:05
749;sensor.v273_left_floor;3327.48;1996-10-23 02:34:03
750;sensor.v025_bottom_floor;uhkttfrta;1996-03-03 03:43:26
751;sensor.v756_bottom_floor;xwvmvmdoq;1989-10-20 17:04:44
752;sensor.v588_bottom_floor;3553.09;1990-06-22 00:46:53
753;sensor.v142_right_floor;vcqufnzvw;1953-08-27 20:57:32
754;sensor.v666_left_floor;noaconohy;1963-10-10 06:20:42
755;sensor.v392_left_floor;9395.73;2000-01-27 06:38:25
756;sensor.v112_right_floor;eefraorqo;1976-09-18 17:10:02
757;sensor.v035_right_floor;7404.87;2000-04-01 22:46:36
758;sensor.v663_top_floor;zjtwdtirf;1976-02-16 06:51:04
759;sensor.v177_left_floor;3058.77;1954-08-11 05:54:24
760;sensor.v117_bottom_floor;109.42;1988-01-15 02:19:37
761;sensor.v207_right_floor;hcitmdlzp;1982-06-05 16:20:01
762;sensor.v210_right_floor;fgtdnbfwt;1979-07-25 05:35:44
763;sensor.v650_left_floor;miyruqcde;1986-07-16 11:43:53
764;sensor.v735_top_floor;2188.42;1983-01-13 17:33:09
765;sensor.v007_top_floor;exxyqdjmq;1968-08-03 21:28:50
766;sensor.v456_left_floor;2696.17;1985-04-14 05:42:19
767;sensor.v000_bottom_floor;dnqdvgbpb;1966-08-02 10:33:40
768;sensor.v542_left_floor;ipkqpogaz;1990-12-06 12:36:15
769;sensor.v169_right_floor;yycvavqpl;1986-07-02 03:23:26
770;sensor.v663_left_floor;crtborojl;1960-02-09 22:19:05
771;sensor.v674_bottom_floor;lalzomvri;1984-06-09 03:00:42
772;sensor.v274_bottom_floor;cuivhouzt;1991-11-22 07:25:39
773;sensor.v197_right_floor;173.93;1967-08-19 17:52:00
774;sensor.v672_right_floor;sxvynzwxq;1954-02-01 07:33:24
775;sensor.v780_left_floor;5474.96;1974-04-18 15:20:08
776;sensor.v462_right_floor;inftklzsm;1990-07-25 13:34:08
777;sensor.v777_right_floor;faxwexbdj;1986-03-12 08:28:06
778;sensor.v170_bottom_floor;jtuvtpvhu;1976-06-26 22:54:46
779;sensor.v334_left_floor;1538.6;1967-01-27 11:06:35
780;sensor.v229_right_floor;vvqlhacrb;1982-05-08 20:19:50
781;sensor.v747_top_floor;dksqzabdk;1963-04-03 19:40:40
782;sensor.v588_bottom_floor;dppyxbviq;1974-11-20 21:09:06
783;sensor.v442_right_floor;ljezievyo;1963-08-10 12:01:44
784;sensor.v398_right_floor;urjbukchg;1995-04-04 06:29:05
785;sensor.v018_top_floor;4845.55;1974-04-04 22:17:18
786;sensor.v162_top_floor;5975.35;2000-10-28 21:17:32
787;sensor.v868_right_floor;thfkfwlay;1969-11-27 20:08:32
788;sensor.v413_top_floor;bgfkydodc;1957-05-27 08:54:02
789;sensor.v597_left_floor;gcgwygqbk;1990-09-12 08:19:43
790;sensor.v672_right_floor;4938.65;1958-12-24 13:44:57
791;sensor.v293_bottom_floor;2045.88;1995-12-06 22:36:45
792;sensor.v898_left_floor;wwkuhomes;1994-07-10 03:32:27
793;sensor.v017_left_floor;8531.04;1985-05-14 01:55:23
794;sensor.v624_bottom_floor;mrflnpuks;1973-10-27 15:04:54
795;sensor.v498_left_floor;2365.78;1952-06-20 03:19:46
796;sensor.v522_top_floor;7891.89;1955-11-07 04:18:28
797;sensor.v702_bottom_floor;llleitaxh;1994-02-08 11:16:20
798;sensor.v842_top_floor;cmrkcwfqb;1972-07-11 02:37:17
799;sensor.v387_right_floor;2787.0;1986-09-04 02:42:11
800;sensor.v229_bottom_floor;6.27;1951-11-21 00:43:29
801;sensor.v798_right_floor;xsugvcfre;1955-01-20 04:10:29
802;sensor.v999_right_floor;3558.84;1996-05-08 18:25:37
803;sensor.v024_right_floor;gtizqinhq;1997-01-20 02:18:26
804;sensor.v273_bottom_floor;yrzktrlvl;1975-01-14 09:03:41
805;sensor.v550_left_floor;1434.56;1961-10-02 06:07:23
806;sensor.v890_left_floor;3625.28;1969-01-21 22:07:51
807;sensor.v763_bottom_floor;1266.14;1986-01-05 19:48:37
808;sensor.v441_left_floor;6622.26;1965-06-04 05:23:39
809;sensor.v336_top_floor;6480.43;2000-04-12 05:52:34
810;sensor.v202_bottom_floor;ldeqpxmhf;1984-08-13 00:14:54
811;sensor.v637_right_floor;8533.95;1968-05-15 00:17:38
812;sensor.v712_right_floor;vvhljdhax;1955-08-11 16:24:23
813;sensor.v681_top_floor;4817.13;1995-04-03 20:43:43
814;sensor.v364_top_floor;3458.29;1966-07-27 03:50:20
815;sensor.v417_right_floor;724.16;1971-01-14 05:24:40
816;sensor.v028_top_floor;5971.14;1959-04-07 00:28:47
817;sensor.v963_top_floor;sgwuyqhbn;2000-06-11 16:17:32
818;sensor.v795_right_floor;ujhymofti;1993-12-06 19:17:42
819;sensor.v173_right_floor;1197.31;1953-11-06 06:15:40
820;sensor.v360_right_floor;7069.35;1952-07-25 20:07:37
821;sensor.v863_top_floor;aqpumhgns;1979-03-27 06:08:43
822;sensor.v665_left_floor;vsrbdeelb;1968-04-16 11:16:44
823;sensor.v358_top_floor;jkdhbpyga;1980-12-06 00:40:50
824;sensor.v213_left_floor;2414.03;1983-12-12 21:08:14
825;sensor.v376_right_floor;7475.46;1965-06-10 14:48:49
826;sensor.v218_right_floor;3741.32;1976-07-02 15:10:44
827;sensor.v593_bottom_floor;rekjfmbjw;1978-01-03 02:56:10
828;sensor.v374_bottom_floor;ykuvobcgv;1958-06-09 11:08:20
829;sensor.v261_bottom_floor;birngwrha;1977-06-09 17:01:50
830;sensor.v037_bottom_floor;mkzytqypz;1953-03-21 08:20:24
831;sensor.v715_right_floor;3167.02;1975-05-28 11:44:29
832;sensor.v067_right_floor;5508.51;1966-01-22 16:11:29
833;sensor.v871_top_floor;mdabezjnw;1977-10-17 13:23:57
834;sensor.v191_bottom_floor;jxclkxgay;1963-04-08 23:20:13
835;sensor.v474_left_floor;3954.98;1957-04-03 12:39:21
836;sensor.v401_top_floor;hyeobcwge;1962-02-08 03:26:37
837;sensor.v545_left_floor;6786.28;1987-06-04 10:32:46
838;sensor.v105_right_floor;rfdadfytl;1991-08-12 10:12:14
839;sensor.v809_top_floor;7108.87;1950-07-09 05:14:33
840;sensor.v750_bottom_floor;5948.67;1984-04-09 13:19:34
841;sensor.v614_left_floor;epduezfod;1988-10-26 13:32:36
842;sensor.v624_top_floor;3240.88;1968-08-21 19:46:19
843;sensor.v634_top_floor;dagpxhsrs;1967-07-11 23:08:13
844;sensor.v752_bottom_floor;cyvqgbehs;1978-10-16 21:35:19
845;sensor.v243_right_floor;nknlerhnm;1952-08-08 09:12:09
846;sensor.v502_top_floor;1312.73;1959-03-22 10:39:02
847;sensor.v318_left_floor;113.6;1979-04-23 04:04:53
848;sensor.v128_bottom_floor;mdtiaarmo;1990-08-03 05:24:27
849;sensor.v654_bottom_floor;2709.56;1996-04-07 05:16:58
850;sensor.v576_right_floor;3345.3;1980-01-11 01:11:57
851;sensor.v171_top_floor;3179.06;1979-06-22 13:42:02
852;sensor.v988_bottom_floor;7295.32;1985-12-19 14:36:24
853;sensor.v338_right_floor;1879.06;1956-01-13 23:27:32
854;sensor.v310_bottom_floor;vddrkwswf;1951-11-04 15:38:43
855;sensor.v796_bottom_floor;ddnatnszl;1953-06-25 19:22:21
856;sensor.v603_top_floor;opqovnimw;1993-08-12 09:32:23
857;sensor.v920_top_floor;1554.81;1962-03-18 19:21:52
858;sensor.v656_right_floor;9402.14;1990-07-10 23:35:16
859;sensor.v661_right_floor;nztgrewkb;1986-04-18 11:16:32
860;sensor.v503_bottom_floor;2680.87;1981-03-28 05:21:32
861;sensor.v591_bottom_floor;9098.16;1979-11-06 01:42:48
862;sensor.v401_left_floor;zrshaivsm;2000-10-06 15:56:08
863;sensor.v585_left_floor;1771.79;1979-03-16 20:35:53
864;sensor.v529_left_floor;mndacnjyz;1955-02-07 20:22:44
865;sensor.v933_top_floor;3447.32;1992-01-12 07:16:06
866;sensor.v236_bottom_floor;pcnasrfwb;2000-08-28 02:00:13
867;sensor.v743_right_floor;almzhadsb;1963-02-13 22:42:20
868;sensor.v068_right_floor;5168.43;1978-11-03 18:12:53
869;sensor.v937_right_floor;reaydtvmk;1950-07-27 14:41:12
870;sensor.v113_top_floor;2975.34;1966-10-09 15:25:11
871;sensor.v895_right_floor;742.05;1955-08-16 23:31:44
872;sensor.v061_bottom_floor;9785.53;2000-07-27 03:01:44
873;sensor.v472_bottom_floor;1062.47;1969-03-06 23:22:00
874;sensor.v488_bottom_floor;byzjpnybv;1985-05-27 12:45:32
875;sensor.v253_right_floor;rtzbegjzd;1972-12-23 14:13:35
876;sensor.v321_right_floor;scsldohyf;1994-07-22 06:34:39
877;sensor.v913_top_floor;5060.23;1963-04-15 00:59:31
878;sensor.v906_right_floor;3882.28;1960-04-22 14:09:57
879;sensor.v870_bottom_floor;6894.25;1994-06-01 17:38:03
880;sensor.v019_top_floor;2323.87;1973-01-20 07:20:12
881;sensor.v896_left_floor;8801.21;1981-08-15 06:04:47
882;sensor.v070_right_floor;2184.88;1997-01-25 03:30:17
883;sensor.v390_left_floor;wvpedvwxt;1985-03-02 06:20:58
884;sensor.v975_top_floor;7809.17;1997-05-09 14:56:48
885;sensor.v778_left_floor;goheamvic;1967-12-03 16:12:23
886;sensor.v297_left_floor;5579.51;1993-12-25 06:41:29
887;sensor.v779_right_floor;1887.78;1986-12-16 04:05:46
888;sensor.v180_right_floor;jwoetlgjj;1992-10-08 20:26:30
889;sensor.v660_left_floor;nklwkwsyx;1986-02-22 12:23:37
890;sensor.v952_left_floor;616.27;1957-05-24 13:20:20
891;sensor.v377_left_floor;3123.5;1993-02-27 05:17:56
892;sensor.v928_right_floor;6919.72;1980-09-02 23:18:49
893;sensor.v696_bottom_floor;7045.09;1961-01-28 09:20:55
894;sensor.v131_left_floor;8403.18;1987-07-24 02:17:21
895;sensor.v769_bottom_floor;zqrtqnlro;1994-11-07 20:03:03
896;sensor.v299_right_floor;9740.94;1976-12-11 02:37:41
897;sensor.v772_top_floor;lxuslrzfx;1989-04-24 06:57:38
898;sensor.v044_right_floor;tnomzekto;1973-10-24 04:27:40
899;sensor.v537_bottom_floor;nrkcmwyof;1995-05-24 17:52:30
900;sensor.v131_top_floor;8990.22;1994-11-28 20:12:32
901;sensor.v172_top_floor;9623.02;1975-04-07 04:33:15
902;sensor.v998_left_floor;jougwxngv;1978-05-24 04:36:52
903;sensor.v985_left_floor;587.89;1976-10-20 00:39:39
904;sensor.v490_bottom_floor;idltsmtvb;1982-07-16 14:46:34
905;sensor.v410_right_floor;1977.46;1994-12-07 03:14:08
906;sensor.v238_left_floor;7354.71;1971-08-22 04:18:56
907;sensor.v720_right_floor;ombvosfho;1964-11-20 13:09:19
908;sensor.v038_bottom_floor;7283.0;1976-12-12 05:08:22
909;sensor.v115_left_floor;inqltjbww;1983-04-25 04:28:50
910;sensor.v419_right_floor;khrhtbomx;1965-04-25 01:34:35
911;sensor.v099_right_floor;4387.68;1984-09-18 11:29:08
912;sensor.v190_right_floor;6897.42;1964-02-16 19:18:00
913;sensor.v836_left_floor;uyjqezwnz;1989-12-06 15:18:47
914;sensor.v578_left_floor;jpxfcbhwe;1994-05-11 02:03:39
915;sensor.v657_top_floor;8744.9;1969-04-07 10:12:11
916;sensor.v774_top_floor;4539.25;1994-05-02 16:38:14
917;sensor.v684_bottom_floor;2297.9;1987-02-16 21:13:04
918;sensor.v806_left_floor;yjvwxcujn;1997-08-15 08:30:26
919;sensor.v860_left_floor;lumsooebi;1965-09-21 09:03:30
920;sensor.v840_left_floor;oxcyyxmhz;1992-09-26 06:42:53
921;sensor.v302_left_floor;4505.66;1993-12-15 21:07:24
922;sensor.v786_bottom_floor;soouohiie;1990-09-14 12:33:36
923;sensor.v671_top_floor;yccxjtftr;1995-03-07 16:05:42
924;sensor.v138_bottom_floor;szuehvobr;1982-04-20 21:04:52
925;sensor.v681_bottom_floor;3904.04;1973-02-03 21:14:27
926;sensor.v037_top_floor;7973.84;1983-04-27 18:00:34
927;sensor.v481_bottom_floor;8982.27;1956-06-08 08:21:56
928;sensor.v099_top_floor;9229.3;1981-09-22 06:02:09
929;sensor.v263_left_floor;9356.88;2000-08-23 04:08:50
930;sensor.v862_top_floor;ihwzbmbwu;1967-09-03 08:23:47
931;sensor.v280_bottom_floor;860.72;1995-11-25 16:09:39
932;sensor.v219_right_floor;eueopixjn;1999-11-27 11:59:09
933;sensor.v745_top_floor;3180.81;1955-02-11 00:35:49
934;sensor.v325_right_floor;3219.93;1965-10-03 05:25:02
935;sensor.v010_left_floor;dmckorbjy;1952-04-26 11:13:37
936;sensor.v829_bottom_floor;2554.88;1963-08-11 14:15:26
937;sensor.v023_right_floor;5766.58;1991-10-09 19:29:35
938;sensor.v603_bottom_floor;6118.21;1969-07-27 13:42:02
939;sensor.v835_top_floor;169.1;1987-07-22 22:48:03
940;sensor.v384_right_floor;1534.57;1970-12-27 22:17:35
941;sensor.v764_bottom_floor;2032.39;1975-03-17 21:11:47
942;sensor.v884_left_floor;qdoejmxhj;1955-05-13 09:58:31
943;sensor.v985_top_floor;poorpcvzx;1964-03-14 08:13:30
944;sensor.v509_top_floor;afnbklcjr;1950-07-11 11:20:44
945;sensor.v203_right_floor;lknaclgaf;1990-06-04 22:01:19
946;sensor.v514_left_floor;ykguqyggs;1988-06-04 10:41:30
947;sensor.v564_left_floor;6572.72;1995-02-07 01:55:43
948;sensor.v244_right_floor;fqazvozrg;1956-07-01 00:46:33
949;sensor.v737_right_floor;uuaucsfxs;1974-06-02 22:11:41
950;sensor.v375_right_floor;84.87;1986-09-04 12:01:51
951;sensor.v114_left_floor;5957.72;1979-03-03 21:32:08
952;sensor.v628_top_floor;3457.3;1992-01-06 10:15:18
953;sensor.v329_bottom_floor;2709.48;1950-10-12 11:14:58
954;sensor.v979_left_floor;2921.02;1977-08-16 17:46:32
955;sensor.v739_top_floor;yftsistff;1991-07-16 04:03:20
956;sensor.v876_bottom_floor;ixytnefnb;1961-09-05 17:35:04
957;sensor.v817_bottom_floor;9020.39;1973-11-07 19:04:23
958;sensor.v085_right_floor;jneqbdjkx;1988-03-07 00:08:38
959;sensor.v255_left_floor;uouijjpkk;1989-07-10 04:29:21
960;sensor.v821_left_floor;309.55;1997-11-28 05:31:59
961;sensor.v006_bottom_floor;8398.97;1965-04-24 05:06:29
962;sensor.v135_top_floor;4390.2;1996-08-07 14:51:58
963;sensor.v275_bottom_floor;lgjvwyder;1970-12-23 11:49:23
964;sensor.v353_top_floor;ywwzaoyqz;1964-01-10 08:24:16
965;sensor.v264_right_floor;nwjpcuxvp;1983-05-02 15:54:21
966;sensor.v415_left_floor;ssgvvwhum;1985-07-03 10:18:03
967;sensor.v240_left_floor;rwmjhzvjb;1975-03-13 21:34:48
968;sensor.v604_bottom_floor;8819.8;1968-07-19 22:26:22
969;sensor.v864_top_floor;5403.96;1961-03-06 19:48:09
970;sensor.v978_right_floor;dqsyoulux;1955-07-22 11:07:36
971;sensor.v680_top_floor;1345.88;1970-11-01 12:57:51
972;sensor.v157_right_floor;bmwldvwdh;1985-04-24 01:46:11
973;sensor.v635_bottom_floor;5115.47;1961-07-14 18:13:47
974;sensor.v985_bottom_floor;ykkwdquue;1989-08-16 14:25:43
975;sensor.v416_top_floor;7812.19;2000-08-07 03:30:30
976;sensor.v189_left_floor;pkhebxhsh;1974-04-06 21:27:14
977;sensor.v613_top_floor;zwzrmmouh;1965-10-26 18:26:33
978;sensor.v558_left_floor;3652.37;1983-04-05 04:56:15
979;sensor.v217_top_floor;5402.01;1961-08-08 23:36:14
980;sensor.v813_right_floor;9301.66;1997-06-03 14:51:06
981;sensor.v843_top_floor;7284.42;1965-05-02 02:19:05
982;sensor.v603_top_floor;7759.24;1951-12-24 12:14:37
983;sensor.v500_left_floor;rhnrzhfkj;1958-07-17 15:23:16
984;sensor.v494_top_floor;qlmupmmrt;1979-04-01 08:13:31
985;sensor.v240_left_floor;ncmcqrzec;1993-05-16 08:55:44
986;sensor.v622_top_floor;5163.74;1988-09-21 22:07:07
987;sensor.v586_top_floor;3162.83;1971-11-05 16:58:59
988;sensor.v764_left_floor;bwiwcfqkz;1956-02-17 07:25:46
989;sensor.v481_bottom_floor;2832.03;1976-03-24 03:29:50
990;sensor.v391_top_floor;spwgvlouu;1963-04-09 22:41:39
991;sensor.v619_top_floor;4089.47;1952-03-23 21:46:09
992;sensor.v686_left_floor;zydsvgusl;1965-09-22 08:28:27
993;sensor.v838_left_floor;xqgzdfbbi;1979-10-03 04:07:11
994;sensor.v377_left_floor;ooogvbwtz;1953-06-28 01:10:24
995;sensor.v436_right_floor;araxaaclg;1955-12-13 03:04:15
996;sensor.v011_bottom_floor;9633.75;1989-07-04 13:10:20
997;sensor.v746_top_floor;lhhcjytqh;1954-11-22 13:54:57
998;sensor.v470_top_floor;4682.8;1977-10-01 10:11:32
999;sensor.v092_right_floor;pjzzadwvl;1989-06-16 01:50:46
