;name;value;timestamp
0;sensor.v029_right_floor;4062.16;1956-11-09 11:10:13
1;sensor.v092_left_floor;bkcrgerjn;1996-07-07 17:23:34
2;sensor.v987_left_floor;8779.62;1971-07-13 16:10:32
3;sensor.v874_right_floor;hxzjwaqmw;1988-07-04 16:04:57
4;sensor.v868_bottom_floor;muuvokyqq;1975-02-26 22:40:50
5;sensor.v827_right_floor;1755.42;1952-06-12 21:46:04
6;sensor.v934_left_floor;vetelwahn;1964-10-21 06:19:04
7;sensor.v752_bottom_floor;2990.39;1952-06-23 00:21:41
8;sensor.v199_bottom_floor;9033.96;1980-06-05 04:05:07
9;sensor.v547_right_floor;8529.2;1962-04-23 18:48:00
10;sensor.v694_right_floor;hirstykre;1964-06-09 14:16:45
11;sensor.v324_top_floor;eaevucrux;1966-03-09 19:25:51
12;sensor.v958_top_floor;6646.84;1991-11-09 23:00:39
13;sensor.v993_right_floor;6633.75;1966-12-07 18:21:32
14;sensor.v766_top_floor;9783.86;1982-02-04 14:51:53
15;sensor.v655_right_floor;hnzwmpszu;1950-09-21 19:57:54
16;sensor.v698_left_floor;5368.73;1982-04-10 22:58:46
17;sensor.v013_left_floor;7058.78;1957-03-14 05:58:56
18;sensor.v725_left_floor;6343.69;1990-09-11 08:31:10
19;sensor.v132_bottom_floor;6505.52;1958-01-04 11:34:13
20;sensor.v237_top_floor;xxlbeiguh;1964-05-23 02:07:03
21;sensor.v655_bottom_floor;7919.15;1993-02-02 02:32:14
22;sensor.v656_bottom_floor;abrjjmodt;1956-01-13 17:11:54
23;sensor.v218_top_floor;2919.98;1965-10-15 07:31:51
24;sensor.v422_left_floor;9542.49;1951-05-09 02:28:06
25;sensor.v846_top_floor;phisdlldz;1966-12-28 21:50:52
26;sensor.v578_right_floor;3463.97;1970-04-02 16:47:58
27;sensor.v359_bottom_floor;tianojnkn;1975-02-24 13:41:12
28;sensor.v287_bottom_floor;rbuztgsey;1963-06-07 14:15:50
29;sensor.v356_left_floor;1676.84;1971-04-05 05:20:48
30;sensor.v069_right_floor;grrmrfriz;1955-08-07 13:04:00
31;sensor.v880_top_floor;igmuvmtpa;1970-05-16 22:50:12
32;sensor.v381_top_floor;yezzcfgzi;1978-12-18 18:45:16
33;sensor.v021_left_floor;wijwqvyuf;1984-11-24 05:58:23
34;sensor.v761_bottom_floor;961.52;1987-02-04 02:03:48
35;sensor.v242_top_floor;uwkwiqobw;1996-06-01 13:42:55
36;sensor.v268_left_floor;808.03;1998-08-04 13:29:57
37;sensor.v133_bottom_floor;mxenexsut;1962-01-26 12:27:42
38;sensor.v020_bottom_floor;ehqzytome;1974-06-03 08:09:54
39;sensor.v613_top_floor;xvrqicgwl;1989-10-03 17:15:01
40;sensor.v563_bottom_floor;2268.37;1983-05-08 07:28:05
41;sensor.v760_right_floor;pdjirlgmu;1980-08-26 10:57:21
42;sensor.v182_top_floor;1960.16;1965-12-17 11:44:00
43;sensor.v157_left_floor;khwppfodx;1998-07-25 12:59:16
44;sensor.v744_left_floor;rzroljama;1950-04-09 01:03:48
45;sensor.v832_left_floor;8167.99;1950-10-10 17:56:04
46;sensor.v751_left_floor;7562.99;1970-03-07 15:35:30
47;sensor.v470_top_floor;vjyjczywz;1996-09-25 16:09:36
48;sensor.v503_left_floor;7738.02;1951-08-12 16:52:40
49;sensor.v210_right_floor;sqddizxpx;1997-02-02 21:01:53
50;sensor.v853_bottom_floor;4063.26;1967-10-08 00:30:42
51;sensor.v889_top_floor;4363.62;1950-12-01 11:40:43
52;sensor.v873_right_floor;5122.12;1996-05-18 12:12:45
53;sensor.v537_top_floor;1108.75;1994-02-26 08:33:33
54;sensor.v411_bottom_floor;qpgyfhpoh;1950-01-14 17:02:46
55;sensor.v549_left_floor;5330.81;1974-12-14 02:52:48
56;sensor.v240_right_floor;5151.85;1963-05-09 17:40:49
57;sensor.v980_right_floor;ngybuznfg;1964-11-05 23:37:18
58;sensor.v470_left_floor;2343.99;1959-03-19 18:11:37
59;sensor.v804_left_floor;4877.76;1988-01-16 08:51:46
60;sensor.v315_top_floor;2899.51;1953-09-20 06:15:22
61;sensor.v211_left_floor;gihhxgmzn;1980-08-12 06:28:24
62;sensor.v353_left_floor;weqdeqfmt;1989-12-27 15:37:07
63;sensor.v759_bottom_floor;4518.1;1981-09-04 10:32:58
64;sensor.v266_bottom_floor;advbdactv;1979-12-05 20:08:08
65;sensor.v045_bottom_floor;nzevokwsb;1959-01-02 02:00:24
66;sensor.v428_right_floor;gycapxtjw;1991-07-28 13:38:52
67;sensor.v496_bottom_floor;8900.46;1997-02-23 19:46:37
68;sensor.v526_top_floor;1168.66;1963-02-03 08:37:28
69;sensor.v106_left_floor;9543.7;1977-02-07 19:52:44
70;sensor.v447_top_floor;knzaljmsa;1986-10-04 18:11:50
71;sensor.v884_left_floor;9784.55;1972-03-08 23:27:26
72;sensor.v315_top_floor;tcsbenwwv;1981-05-06 13:24:57
73;sensor.v078_right_floor;2690.45;1981-10-19 14:41:12
74;sensor.v591_bottom_floor;aubxhpisp;1995-04-07 00:04:40
75;sensor.v051_top_floor;5555.55;1967-03-08 12:25:39
76;sensor.v813_bottom_floor;5299.59;1997-09-19 07:43:14
77;sensor.v124_bottom_floor;lndpbwndg;1954-04-01 07:16:56
78;sensor.v496_left_floor;5703.1;1954-03-21 09:29:41
79;sensor.v033_left_floor;9472.39;1956-05-16 14:29:49
80;sensor.v047_left_floor;edjaqejfv;1976-06-13 03:17:21
81;sensor.v022_top_floor;2948.24;1960-07-25 12:20:54
82;sensor.v421_left_floor;5445.25;1964-01-08 09:47:04
83;sensor.v394_right_floor;2033.99;1996-04-26 13:47:04
84;sensor.v704_left_floor;3689.61;1975-09-23 04:56:22
85;sensor.v480_right_floor;3341.42;1994-11-16 05:56:55
86;sensor.v944_top_floor;njdnbzrzy;1974-12-21 20:12:37
87;sensor.v311_bottom_floor;jlrydrjsn;1990-08-26 14:42:55
88;sensor.v062_top_floor;3658.01;1956-04-12 17:57:47
89;sensor.v040_right_floor;mdkcqawiu;1958-08-15 05:56:43
90;sensor.v285_left_floor;qpiijqkut;1985-02-08 13:18:46
91;sensor.v037_right_floor;9316.06;1974-11-23 23:09:16
92;sensor.v229_top_floor;rbbisujeq;1952-04-07 13:43:57
93;sensor.v271_bottom_floor;pucytmupt;1997-10-01 05:42:34
94;sensor.v621_bottom_floor;4055.24;1989-10-27 11:45:53
95;sensor.v665_right_floor;8091.88;1976-01-15 11:31:15
96;sensor.v894_left_floor;thokcqdwi;1986-12-22 15:03:36
97;sensor.v412_top_floor;tuflqhfdc;1980-10-12 14:17:09
98;sensor.v265_left_floor;6077.32;1973-07-15 08:10:26
99;sensor.v716_left_floor;hcgqhtbnm;1980-04-10 08:48:27
100;sensor.v127_right_floor;6119.38;1972-03-07 21:19:42
101;sensor.v749_bottom_floor;xdhntoyxk;1964-06-23 02:14:54
102;sensor.v700_bottom_floor;hdpqtalno;1957-09-14 13:31:21
103;sensor.v348_top_floor;ntklrhedw;1997-06-08 09:21:04
104;sensor.v029_bottom_floor;4675.36;1958-02-26 05:57:43
105;sensor.v499_bottom_floor;5603.21;1968-07-08 14:34:51
106;sensor.v587_bottom_floor;efkwgkgpy;1993-02-15 20:18:26
107;sensor.v882_left_floor;5633.85;1998-03-26 06:48:18
108;sensor.v722_right_floor;8507.57;1999-05-19 19:06:46
109;sensor.v165_right_floor;mcadyiorb;1960-10-25 13:59:31
110;sensor.v994_right_floor;9644.04;1958-03-26 05:55:11
111;sensor.v239_bottom_floor;orwvfzeqh;1968-08-27 19:53:16
112;sensor.v118_right_floor;ugssbjgkx;1999-10-06 15:05:41
113;sensor.v902_top_floor;bcpdcrwgj;1956-12-15 23:13:00
114;sensor.v962_left_floor;kbujmnuii;1974-07-06 15:51:46
115;sensor.v780_left_floor;kkarlygjg;1972-11-16 14:17:13
116;sensor.v727_right_floor;ptznmuhdd;1996-06-08 04:13:12
117;sensor.v026_bottom_floor;dvfwpzsfi;1998-06-14 16:19:59
118;sensor.v621_right_floor;6640.68;1950-05-01 22:39:08
119;sensor.v215_bottom_floor;5561.7;1973-04-01 22:18:07
120;sensor.v748_bottom_floor;axteggzoz;1989-01-04 08:37:49
121;sensor.v895_bottom_floor;7970.84;1998-04-16 20:12:21
122;sensor.v448_right_floor;czdwqbrfe;1994-10-15 02:43:27
123;sensor.v281_bottom_floor;saxcpgaav;1990-08-09 03:05:19
124;sensor.v320_right_floor;1106.8;1989-03-02 23:49:20
125;sensor.v410_right_floor;387.8;1965-05-26 23:31:43
126;sensor.v084_right_floor;3768.31;1998-03-06 21:10:28
127;sensor.v054_left_floor;9360.78;1967-02-12 16:16:02
128;sensor.v520_top_floor;7359.24;1968-11-01 00:38:57
129;sensor.v149_bottom_floor;3149.17;1955-01-26 22:50:07
130;sensor.v573_right_floor;8706.71;1956-12-25 00:26:28
131;sensor.v628_right_floor;7205.8;1958-12-24 06:56:25
132;sensor.v026_left_floor;auiwxajuv;1993-04-06 09:50:09
133;sensor.v911_bottom_floor;jyaoufrqp;1997-10-11 02:53:57
134;sensor.v886_right_floor;vsbdjnjdj;1986-12-26 22:24:33
135;sensor.v225_left_floor;qsnenpxci;1998-10-19 18:52:53
136;sensor.v122_left_floor;720.7;1998-12-09 20:01:19
137;sensor.v144_left_floor;jfgxiinqj;2000-08-01 18:03:31
138;sensor.v144_left_floor;jfgxiinqj;2000-08-01 18:03:31
139;sensor.v009_top_floor;qwayotbso;1989-10-05 06:11:18
140;sensor.v103_right_floor;hiloatfdg;1955-12-25 05:37:36
141;sensor.v203_top_floor;9946.17;1985-04-17 02:41:17
142;sensor.v223_bottom_floor;8307.64;1987-12-08 02:53:49
143;sensor.v291_left_floor;8418.4;1980-10-01 17:35:43
144;sensor.v326_right_floor;hlwivpvxq;1978-03-18 22:51:53
145;sensor.v448_right_floor;qgymusuew;1997-04-26 17:59:49
146;sensor.v345_right_floor;6252.64;1982-09-05 18:47:54
147;sensor.v604_bottom_floor;1998.62;1959-01-19 21:27:31
148;sensor.v471_left_floor;597.3;1961-02-08 18:38:20
149;sensor.v287_bottom_floor;jtliuqsyp;1978-12-11 14:15:03
150;sensor.v451_top_floor;8861.24;1999-04-16 14:20:39
151;sensor.v642_left_floor;9423.94;1953-10-04 13:08:51
152;sensor.v894_left_floor;joujxeysg;1968-12-08 19:34:49
153;sensor.v210_top_floor;7146.82;1992-06-09 10:13:03
154;sensor.v591_top_floor;2112.42;1991-01-12 05:23:31
155;sensor.v766_bottom_floor;ahuxtfxjn;1997-01-06 00:45:15
156;sensor.v059_left_floor;5230.22;1978-02-02 00:40:35
157;sensor.v729_right_floor;2115.01;1970-04-19 06:22:29
158;sensor.v825_left_floor;cltgzjgtz;1996-10-16 11:40:35
159;sensor.v849_right_floor;xtoazhecx;1954-02-08 16:53:51
160;sensor.v937_bottom_floor;6620.26;1953-08-20 12:35:22
161;sensor.v737_left_floor;lycugbgnc;1991-03-08 07:26:12
162;sensor.v103_bottom_floor;ljnnlrpol;1978-05-07 23:10:41
163;sensor.v576_top_floor;vjeqyyhvu;1970-09-13 01:04:46
164;sensor.v314_top_floor;4446.38;1970-02-08 05:38:00
165;sensor.v383_bottom_floor;5962.72;1975-11-19 23:44:54
166;sensor.v702_top_floor;3190.84;1973-03-18 18:42:17
167;sensor.v017_right_floor;3147.02;1959-12-02 10:26:53
168;sensor.v024_left_floor;7746.01;1968-11-15 13:32:51
169;sensor.v909_right_floor;ywiuvnozo;1954-04-14 03:04:48
170;sensor.v653_left_floor;pvcqpfcpb;1991-03-28 17:47:22
171;sensor.v513_bottom_floor;cnaauxuyi;1950-12-16 03:12:27
172;sensor.v303_bottom_floor;qvxnumazt;1959-01-02 08:26:29
173;sensor.v121_top_floor;3039.55;1952-10-12 03:34:06
174;sensor.v981_top_floor;vhdnesiul;1991-03-16 03:26:14
175;sensor.v495_left_floor;xauzfvnbd;1952-05-07 06:16:41
176;sensor.v353_bottom_floor;5625.38;1982-06-17 10:59:32
177;sensor.v220_left_floor;3835.2;1979-12-13 09:06:41
178;sensor.v834_bottom_floor;5215.9;1972-02-27 04:42:12
179;sensor.v718_bottom_floor;qifkzbzrx;1956-07-04 16:55:42
180;sensor.v034_top_floor;5797.88;1985-03-26 03:45:57
181;sensor.v098_bottom_floor;ubdbxwzjs;1982-12-14 22:05:01
182;sensor.v197_right_floor;ijkdltbsz;1981-10-22 02:33:32
183;sensor.v572_left_floor;8812.63;1989-10-07 14:08:54
184;sensor.v748_right_floor;ujjagvdpc;1953-12-19 08:15:41
185;sensor.v298_left_floor;1023.19;1978-07-21 20:45:34
186;sensor.v453_bottom_floor;rfcubowba;1965-09-28 07:38:36
187;sensor.v034_bottom_floor;5146.39;1997-05-12 23:41:49
188;sensor.v662_top_floor;fskvhfcme;1954-01-12 04:48:48
189;sensor.v727_left_floor;jbgzmpuxi;1994-05-17 09:17:51
190;sensor.v526_top_floor;341.42;1966-12-23 05:14:51
191;sensor.v883_bottom_floor;2541.04;1991-01-20 15:57:13
192;sensor.v731_top_floor;aiktsjjbi;1988-12-26 04:11:52
193;sensor.v855_right_floor;kiewshwpt;1963-03-15 21:27:08
194;sensor.v205_top_floor;6906.97;1992-11-09 17:37:07
195;sensor.v503_top_floor;ylcrbbuiu;1953-01-18 05:53:51
196;sensor.v655_left_floor;2857.92;1960-12-27 04:32:22
197;sensor.v684_right_floor;7137.27;1966-09-26 06:07:48
198;sensor.v150_top_floor;jrebkxjcu;1977-10-10 17:59:36
199;sensor.v000_top_floor;7490.7;1962-07-28 00:13:35
200;sensor.v103_left_floor;gfyfpjkum;1986-11-08 22:41:46
201;sensor.v725_top_floor;3582.32;1954-02-06 08:17:51
202;sensor.v222_top_floor;bvzfxwpxx;1987-02-09 04:06:47
203;sensor.v234_bottom_floor;thuquuaaz;1983-05-27 06:14:07
204;sensor.v193_right_floor;4138.74;1965-02-28 07:08:25
205;sensor.v771_left_floor;waimqeljq;1967-11-21 04:12:38
206;sensor.v959_right_floor;9596.94;1963-09-21 13:03:21
207;sensor.v474_top_floor;5899.33;1982-04-01 10:13:57
208;sensor.v040_left_floor;4421.51;1979-11-09 16:16:10
209;sensor.v106_right_floor;syylthcvq;1987-05-19 06:45:52
210;sensor.v858_right_floor;4475.35;1968-09-01 06:02:04
211;sensor.v833_top_floor;5749.05;1985-11-18 17:53:27
212;sensor.v857_left_floor;igtpacuss;1984-05-23 04:36:33
213;sensor.v544_right_floor;hlqfzohbu;1994-01-18 13:33:56
214;sensor.v558_left_floor;etghyglea;1961-10-08 10:40:14
215;sensor.v167_left_floor;cqxetsnwd;1970-02-13 05:35:47
216;sensor.v913_left_floor;5410.96;1951-01-12 01:27:47
217;sensor.v244_bottom_floor;nqbvzosdd;1999-01-11 02:05:03
218;sensor.v404_top_floor;euvoeuooa;1967-09-21 12:52:53
219;sensor.v457_right_floor;5034.65;1999-09-06 02:01:20
220;sensor.v662_left_floor;giuajzwxr;1983-11-24 13:13:44
221;sensor.v319_right_floor;2680.33;1975-08-07 10:52:56
222;sensor.v976_bottom_floor;fmoypvqfz;1993-09-28 22:54:32
223;sensor.v173_left_floor;amqlbsfgm;1960-03-03 17:58:47
224;sensor.v488_bottom_floor;1151.69;1952-07-09 17:43:06
225;sensor.v731_left_floor;wcqhtnjjs;1953-08-01 05:31:18
226;sensor.v415_right_floor;4842.15;1976-08-25 19:09:11
227;sensor.v981_right_floor;3667.67;1967-10-07 00:23:38
228;sensor.v582_left_floor;yzctrvzvm;1960-10-09 09:52:12
229;sensor.v255_right_floor;7461.26;1956-01-02 12:28:10
230;sensor.v195_right_floor;8667.7;1992-08-19 20:15:34
231;sensor.v383_top_floor;6184.84;1967-06-25 18:42:34
232;sensor.v117_top_floor;yolqtztwp;1962-05-03 04:49:50
233;sensor.v469_top_floor;3205.95;1967-08-02 12:17:35
234;sensor.v462_top_floor;phvfzvvgx;1968-04-07 18:50:19
235;sensor.v358_right_floor;mimzeymrl;1994-10-09 18:26:11
236;sensor.v067_left_floor;byeotmoco;1978-03-04 00:29:27
237;sensor.v411_top_floor;5305.75;1997-03-10 12:15:04
238;sensor.v437_bottom_floor;bylxjldwz;1958-02-27 14:01:05
239;sensor.v276_right_floor;jcxmdtvkk;1982-03-13 23:36:19
240;sensor.v347_right_floor;2071.88;1975-11-06 22:47:38
241;sensor.v609_left_floor;4035.38;1966-12-04 09:11:34
242;sensor.v569_bottom_floor;9532.94;1999-11-11 17:09:51
243;sensor.v002_left_floor;148.29;1986-03-13 13:42:19
244;sensor.v428_top_floor;6044.21;1989-02-27 13:26:32
245;sensor.v887_top_floor;2217.83;1983-06-03 23:19:07
246;sensor.v293_left_floor;dnydejrbb;1958-04-11 00:42:43
247;sensor.v591_right_floor;7534.98;1953-10-19 22:47:04
248;sensor.v653_top_floor;lzulhzfkb;1968-10-17 13:25:34
249;sensor.v206_top_floor;5544.0;1957-09-21 03:36:35
250;sensor.v107_top_floor;4959.06;1951-07-23 12:09:32
251;sensor.v083_right_floor;9820.19;1971-04-23 17:18:43
252;sensor.v677_top_floor;5675.8;1995-08-18 12:54:07
253;sensor.v695_left_floor;1728.66;1970-01-19 14:06:40
254;sensor.v104_top_floor;926.45;1991-06-27 06:28:11
255;sensor.v654_bottom_floor;450.32;1973-07-03 04:41:55
256;sensor.v083_bottom_floor;7301.22;1957-10-20 06:19:48
257;sensor.v328_top_floor;qvbbkrbsn;1985-08-07 05:05:22
258;sensor.v842_left_floor;7695.78;1976-01-09 07:43:38
259;sensor.v936_left_floor;ldqktmacl;1995-05-25 05:24:38
260;sensor.v457_top_floor;puhqixzwd;1985-08-07 16:28:10
261;sensor.v418_top_floor;3151.88;1951-07-01 19:37:23
262;sensor.v775_top_floor;arwbsxrfb;1966-06-16 10:11:08
263;sensor.v010_right_floor;ksnoqgcwp;1971-06-26 20:07:32
264;sensor.v766_right_floor;uyzdtpybx;1965-04-03 12:29:41
265;sensor.v681_bottom_floor;9752.37;1950-05-19 11:02:17
266;sensor.v417_bottom_floor;3887.25;1954-03-06 20:51:40
267;sensor.v784_right_floor;9357.83;1988-05-24 06:25:14
268;sensor.v170_right_floor;6760.27;1997-07-01 15:22:47
269;sensor.v948_top_floor;4747.35;1995-03-25 02:54:00
270;sensor.v471_left_floor;756.86;1976-03-12 10:29:55
271;sensor.v752_right_floor;489.39;1972-04-28 16:02:20
272;sensor.v928_left_floor;3717.69;1999-07-28 07:20:50
273;sensor.v826_bottom_floor;3349.15;1992-11-24 19:22:38
274;sensor.v178_bottom_floor;jfsyckfil;1970-12-14 05:01:12
275;sensor.v247_right_floor;7468.73;1974-10-18 03:05:23
276;sensor.v793_left_floor;622.7;1972-03-28 02:01:15
277;sensor.v350_right_floor;4113.53;1952-07-28 05:32:29
278;sensor.v383_bottom_floor;6930.74;1953-05-04 19:08:12
279;sensor.v743_left_floor;2927.6;1995-12-27 05:18:12
280;sensor.v191_left_floor;mpmgtyawj;1974-02-05 10:12:26
281;sensor.v053_right_floor;9675.09;1974-12-13 20:10:03
282;sensor.v224_top_floor;7931.49;1968-10-24 23:09:32
283;sensor.v924_left_floor;1282.58;1959-02-06 23:10:06
284;sensor.v588_right_floor;3332.1;1971-04-02 18:26:04
285;sensor.v726_top_floor;dhiaidrbs;1966-10-21 19:40:36
286;sensor.v761_bottom_floor;gjmgjfwer;1963-01-09 00:02:23
287;sensor.v592_right_floor;9221.45;1978-06-24 03:41:58
288;sensor.v548_top_floor;9774.9;1984-03-11 20:26:02
289;sensor.v813_bottom_floor;4517.21;1960-10-10 13:58:36
290;sensor.v141_right_floor;hvjmlajja;1983-11-24 05:58:52
291;sensor.v548_right_floor;rprgeoaxp;1999-08-20 07:55:04
292;sensor.v548_right_floor;tdkafhhjy;1966-06-01 14:22:00
293;sensor.v181_right_floor;bmurqfmmk;1960-03-05 05:38:38
294;sensor.v856_right_floor;8587.12;2000-11-24 02:42:17
295;sensor.v601_top_floor;8019.1;1956-04-08 06:04:35
296;sensor.v173_left_floor;dicqduvcs;1990-06-08 08:36:25
297;sensor.v423_top_floor;1025.62;1969-10-13 17:20:46
298;sensor.v507_right_floor;7907.34;1977-04-25 21:36:10
299;sensor.v213_left_floor;3435.2;1955-11-17 15:13:34
300;sensor.v093_right_floor;2894.22;1999-05-01 18:12:19
301;sensor.v499_right_floor;vgcdbkvkh;1970-09-13 06:09:31
302;sensor.v901_top_floor;2477.37;1989-04-20 01:51:58
303;sensor.v415_right_floor;4818.0;1969-09-27 03:17:52
304;sensor.v466_right_floor;umhoebjni;1985-08-03 10:31:34
305;sensor.v055_bottom_floor;5373.29;1955-07-27 08:48:36
306;sensor.v709_left_floor;tejqrpeei;1994-05-28 12:55:55
307;sensor.v025_top_floor;odiwrrudc;1955-02-18 06:54:55
308;sensor.v987_left_floor;ypottowyj;1987-07-14 23:38:24
309;sensor.v819_right_floor;6106.76;1998-11-11 05:28:30
310;sensor.v137_bottom_floor;fkgjqwrxp;1960-04-18 08:22:46
311;sensor.v285_right_floor;mhodhxltu;1969-12-28 23:27:27
312;sensor.v660_bottom_floor;xuzyttbnp;1961-03-07 16:52:31
313;sensor.v464_left_floor;gxjanmmrv;2000-04-03 18:51:16
314;sensor.v015_top_floor;3331.13;1988-03-02 09:26:42
315;sensor.v434_right_floor;8242.99;1953-09-22 23:45:51
316;sensor.v017_bottom_floor;3953.6;1992-04-27 03:02:06
317;sensor.v595_right_floor;crjigteyh;1975-09-15 13:04:23
318;sensor.v831_top_floor;4992.43;1978-06-23 06:13:02
319;sensor.v615_bottom_floor;wgchusybn;1969-07-26 19:55:58
320;sensor.v156_bottom_floor;5121.57;1985-09-11 20:06:57
321;sensor.v323_bottom_floor;zyfwutscs;1980-08-19 19:42:50
322;sensor.v011_right_floor;nitigisun;1951-08-28 19:28:26
323;sensor.v843_left_floor;xssspggbk;1971-07-22 08:00:37
324;sensor.v778_bottom_floor;odsrssqqq;1967-07-27 14:18:50
325;sensor.v841_bottom_floor;ajgkxtxmt;1984-03-18 00:50:41
326;sensor.v698_bottom_floor;dvagxkqsy;1989-05-06 01:12:25
327;sensor.v264_right_floor;7345.89;1974-10-24 12:42:27
328;sensor.v837_top_floor;675.33;1966-04-12 21:10:56
329;sensor.v141_bottom_floor;dmncaffhf;1959-03-09 15:22:20
330;sensor.v310_left_floor;2130.84;1966-09-21 05:43:04
331;sensor.v058_bottom_floor;ktjmskavz;1987-06-11 05:04:02
332;sensor.v585_right_floor;5032.88;1997-04-14 19:16:02
333;sensor.v616_left_floor;4333.61;1952-01-10 16:28:06
334;sensor.v954_left_floor;dlfadhwlk;1953-12-05 10:42:51
335;sensor.v669_bottom_floor;4948.94;1989-01-01 15:57:07
336;sensor.v987_bottom_floor;maeafwiaq;1989-11-27 02:54:18
337;sensor.v528_bottom_floor;3383.2;1990-03-21 10:52:20
338;sensor.v334_right_floor;2559.47;1984-01-13 15:37:01
339;sensor.v669_left_floor;olmtrzoow;1969-10-22 22:55:06
340;sensor.v269_bottom_floor;1323.15;1975-11-28 04:22:37
341;sensor.v056_bottom_floor;vypghepzt;1981-06-07 08:52:15
342;sensor.v736_right_floor;nqplqrqjg;1953-05-26 19:46:49
343;sensor.v514_top_floor;4883.95;1976-01-09 03:05:11
344;sensor.v122_right_floor;8197.89;1999-08-17 04:56:33
345;sensor.v183_top_floor;khiyqvrgo;1996-01-09 00:30:20
346;sensor.v041_right_floor;4043.99;1995-02-13 02:51:00
347;sensor.v541_left_floor;noudiirfh;1963-12-16 04:16:28
348;sensor.v820_left_floor;aufsoqpzh;1952-04-13 12:11:49
349;sensor.v623_bottom_floor;5997.42;1950-12-02 02:37:45
350;sensor.v482_top_floor;dnslonkky;1955-11-15 05:27:10
351;sensor.v836_right_floor;6828.94;1975-12-03 16:25:46
352;sensor.v146_right_floor;7350.99;1955-12-24 17:18:33
353;sensor.v006_top_floor;yjkmpgvlv;1952-09-11 00:17:59
354;sensor.v127_top_floor;sbzsciunc;1971-03-17 15:19:12
355;sensor.v934_top_floor;1934.53;1951-04-14 08:59:56
356;sensor.v841_bottom_floor;osvhmffan;1992-12-12 15:22:52
357;sensor.v498_top_floor;oniazmdze;1979-12-20 16:30:18
358;sensor.v226_top_floor;7671.47;1992-12-26 08:57:19
359;sensor.v776_left_floor;9096.72;1996-10-16 21:25:35
360;sensor.v627_right_floor;5211.62;1995-04-05 00:49:01
361;sensor.v286_top_floor;7419.6;1967-09-22 05:58:41
362;sensor.v689_bottom_floor;739.01;1963-01-05 14:24:58
363;sensor.v891_top_floor;zjwtrrpge;1970-06-18 00:45:03
364;sensor.v001_right_floor;dwsaisebt;1998-07-22 21:21:00
365;sensor.v531_right_floor;wlectayhs;1970-09-01 14:47:26
366;sensor.v894_left_floor;ahcfewwtj;1981-05-21 10:08:19
367;sensor.v924_left_floor;1467.88;1954-11-20 22:35:24
368;sensor.v558_bottom_floor;oefkgmkjp;1962-10-06 11:49:18
369;sensor.v520_top_floor;gediyfdzb;1964-09-28 05:26:31
370;sensor.v018_right_floor;jurmpeypx;1995-09-16 13:45:33
371;sensor.v578_top_floor;4329.14;1960-08-07 10:24:45
372;sensor.v027_left_floor;cdteaazpt;1976-02-03 00:49:35
373;sensor.v814_top_floor;gtubvttfa;1974-07-03 12:24:59
374;sensor.v287_top_floor;5632.2;1975-03-27 13:49:05
375;sensor.v281_bottom_floor;6964.97;1957-03-20 22:28:37
376;sensor.v959_left_floor;1990.85;1957-12-26 15:25:10
377;sensor.v635_bottom_floor;ddrcpsgpo;1956-09-14 16:21:53
378;sensor.v968_left_floor;442.6;1950-01-04 04:46:58
379;sensor.v545_right_floor;ndgqnolfj;1952-11-21 11:12:33
380;sensor.v596_right_floor;603.96;1997-02-13 13:37:47
381;sensor.v978_left_floor;vacjrttsg;1989-12-11 22:38:17
382;sensor.v310_right_floor;4351.15;1989-04-28 04:25:14
383;sensor.v690_bottom_floor;1182.16;1995-07-27 18:54:58
384;sensor.v719_left_floor;froejfdrm;1981-11-05 21:06:39
385;sensor.v888_left_floor;ndrjttfjh;1983-10-28 15:01:51
386;sensor.v269_bottom_floor;5849.25;1975-12-15 21:10:56
387;sensor.v592_right_floor;mrvbykaly;1994-07-13 21:52:48
388;sensor.v319_bottom_floor;8048.85;1962-07-18 20:29:58
389;sensor.v047_right_floor;nwervztpj;1954-10-09 09:56:47
390;sensor.v353_bottom_floor;8041.81;1953-04-02 16:45:54
391;sensor.v217_bottom_floor;bpvuxomla;1990-07-23 13:40:18
392;sensor.v541_left_floor;3398.4;1958-04-13 15:40:42
393;sensor.v732_bottom_floor;880.02;1990-09-25 06:30:47
394;sensor.v764_bottom_floor;drifzsvig;1982-09-03 03:51:59
395;sensor.v959_top_floor;3004.94;1984-12-28 13:54:01
396;sensor.v736_top_floor;xolcjiwzw;1992-02-10 22:35:59
397;sensor.v309_left_floor;4505.93;1993-07-18 07:57:30
398;sensor.v688_top_floor;7502.9;1951-02-16 09:38:11
399;sensor.v879_bottom_floor;3243.52;2000-12-27 17:28:36
400;sensor.v610_bottom_floor;816.31;1974-01-11 13:30:04
401;sensor.v838_bottom_floor;4799.14;1985-03-05 22:22:24
402;sensor.v126_left_floor;hngrhbclr;1990-07-17 15:36:19
403;sensor.v740_right_floor;59.61;1982-08-20 16:05:51
404;sensor.v269_top_floor;hdpnoasvn;1985-12-26 01:04:47
405;sensor.v127_right_floor;exekvsmcy;1971-04-07 06:10:09
406;sensor.v227_right_floor;2686.72;1960-10-22 19:50:13
407;sensor.v528_left_floor;qcvrkbzuf;1950-05-11 22:22:48
408;sensor.v134_top_floor;zmkjocazo;1982-03-25 00:05:31
409;sensor.v101_left_floor;9306.71;1989-05-17 21:41:55
410;sensor.v357_right_floor;dtedkkjuh;1965-04-20 10:16:51
411;sensor.v725_right_floor;xsssrybrr;2000-10-24 09:58:44
412;sensor.v827_left_floor;1908.12;1970-02-16 06:05:14
413;sensor.v210_left_floor;1709.54;1980-07-10 21:04:23
414;sensor.v498_bottom_floor;brncimdyv;1999-11-28 22:55:56
415;sensor.v296_left_floor;4610.84;1953-01-11 10:09:46
416;sensor.v336_top_floor;cedneepov;1953-12-03 06:55:43
417;sensor.v370_bottom_floor;ihafzcugy;1987-08-18 10:30:07
418;sensor.v647_bottom_floor;zzphmwshk;1955-10-18 10:21:20
419;sensor.v617_top_floor;aifyzzohw;1951-05-12 10:12:45
420;sensor.v365_bottom_floor;plpdhpkek;1988-03-09 16:01:59
421;sensor.v450_bottom_floor;3863.61;1964-11-28 07:00:42
422;sensor.v659_bottom_floor;dnyfampka;1991-09-12 23:48:26
423;sensor.v575_left_floor;1910.67;1956-08-10 15:26:44
424;sensor.v572_left_floor;4954.84;1952-10-02 23:55:03
425;sensor.v779_top_floor;5983.41;1974-09-08 09:03:45
426;sensor.v579_top_floor;hcijmvibh;1950-08-11 23:18:41
427;sensor.v499_bottom_floor;2994.71;1960-11-23 01:43:27
428;sensor.v972_top_floor;6558.42;1959-03-11 02:17:22
429;sensor.v731_bottom_floor;oxmwywwla;1970-11-19 11:30:43
430;sensor.v526_bottom_floor;6340.45;1951-12-08 22:49:07
431;sensor.v751_right_floor;3307.51;1951-12-11 04:37:01
432;sensor.v419_right_floor;2928.47;1972-03-20 14:56:33
433;sensor.v615_left_floor;fqybeimxy;1989-03-06 21:20:28
434;sensor.v513_left_floor;8358.19;1962-01-18 16:21:07
435;sensor.v661_top_floor;cjazjcmqj;1952-12-05 16:50:53
436;sensor.v170_right_floor;7468.22;1964-03-24 02:26:05
437;sensor.v372_bottom_floor;bvscpxomg;1964-06-17 15:30:06
438;sensor.v218_top_floor;1999.53;1962-05-21 22:41:23
439;sensor.v093_left_floor;5732.93;1988-03-14 21:13:54
440;sensor.v758_right_floor;1984.77;1962-12-11 00:46:01
441;sensor.v195_top_floor;4909.97;1958-06-25 20:05:15
442;sensor.v971_left_floor;7964.46;1964-05-02 04:46:25
443;sensor.v908_right_floor;8193.5;1972-04-01 21:41:52
444;sensor.v424_top_floor;euwovmjad;1970-12-26 22:50:52
445;sensor.v533_left_floor;ojmblloyn;1966-03-05 09:43:24
446;sensor.v110_right_floor;darfoqwpi;1967-09-04 14:05:45
447;sensor.v039_right_floor;hpfyzeaxj;1973-02-18 06:42:26
448;sensor.v047_bottom_floor;zkkrigrmx;1986-03-03 20:53:04
449;sensor.v427_right_floor;4012.13;1980-04-10 08:34:26
450;sensor.v961_bottom_floor;3551.53;1972-12-16 13:27:26
451;sensor.v134_left_floor;5865.88;1950-06-21 23:53:42
452;sensor.v025_left_floor;5956.21;1951-12-13 03:55:28
453;sensor.v619_right_floor;fotlehqil;1981-04-25 21:44:23
454;sensor.v474_top_floor;ujevvqyku;1951-12-24 04:41:58
455;sensor.v283_left_floor;8994.77;1961-10-06 05:48:28
456;sensor.v392_right_floor;nquxwpeim;1994-03-10 17:49:49
457;sensor.v692_top_floor;pvdbtpvzk;1975-01-16 16:57:34
458;sensor.v530_right_floor;ciyrgcynl;1958-03-15 10:04:36
459;sensor.v786_right_floor;whjwxrjgk;1955-10-21 02:43:16
460;sensor.v102_right_floor;9234.2;1996-10-13 00:34:06
461;sensor.v290_top_floor;szcuscjjl;1966-04-10 18:03:59
462;sensor.v920_bottom_floor;767.37;1986-03-21 18:58:33
463;sensor.v572_right_floor;pmmayivdh;1981-08-04 14:15:40
464;sensor.v982_top_floor;ckgeckzdi;1988-03-18 22:29:14
465;sensor.v975_right_floor;ffibaehfd;1974-03-11 10:56:29
466;sensor.v670_left_floor;ngojyxmze;1995-11-06 17:21:53
467;sensor.v228_left_floor;nocvxmrgp;1989-10-23 14:26:55
468;sensor.v123_left_floor;6089.55;1974-05-08 09:22:55
469;sensor.v082_bottom_floor;1251.47;1956-07-16 20:58:18
470;sensor.v993_right_floor;9557.1;1966-11-20 09:03:56
471;sensor.v489_right_floor;27.2;1981-08-05 20:44:50
472;sensor.v210_right_floor;2526.51;1995-04-22 11:07:05
473;sensor.v371_left_floor;gvunkyeyg;1954-08-09 01:30:52
474;sensor.v799_left_floor;ryjbekolj;1984-03-15 08:55:39
475;sensor.v162_top_floor;4373.59;1968-06-16 06:22:34
476;sensor.v086_right_floor;oteayujyh;1989-04-11 02:28:38
477;sensor.v713_bottom_floor;8902.11;2000-09-09 10:46:42
478;sensor.v682_left_floor;4658.28;1995-09-14 07:19:23
479;sensor.v993_right_floor;qgciddtfe;1952-11-13 09:11:01
480;sensor.v135_left_floor;useaotqbn;1999-10-03 09:43:12
481;sensor.v815_bottom_floor;tnzbzrxez;1982-10-22 04:42:48
482;sensor.v666_bottom_floor;9683.2;1954-12-07 19:02:35
483;sensor.v756_right_floor;1510.23;1950-02-16 18:36:59
484;sensor.v636_bottom_floor;sgktqfncs;1956-03-04 19:22:40
485;sensor.v302_bottom_floor;lkikjtxys;1998-08-14 02:42:14
486;sensor.v792_left_floor;rnpsnyhmt;1987-04-18 05:30:00
487;sensor.v235_left_floor;tpllxhqgt;1997-07-15 05:14:17
488;sensor.v538_top_floor;cazvhvjml;1985-04-03 05:58:53
489;sensor.v280_left_floor;6650.55;1979-01-10 12:47:17
490;sensor.v448_top_floor;aueuwlhlp;1988-03-14 20:08:12
491;sensor.v585_top_floor;4402.35;1995-08-14 11:52:42
492;sensor.v518_top_floor;9384.54;1966-11-06 18:14:46
493;sensor.v764_right_floor;nljersowo;1971-09-13 14:29:54
494;sensor.v191_right_floor;2238.17;1975-02-10 03:46:27
495;sensor.v722_top_floor;lpyhyeeng;1954-03-14 18:46:38
496;sensor.v101_right_floor;255.73;1954-12-12 00:39:01
497;sensor.v698_right_floor;hribqsfun;1999-06-18 04:16:53
498;sensor.v549_top_floor;amruwwlmq;1978-10-28 05:28:52
499;sensor.v630_top_floor;7962.62;1999-04-19 18:29:10
500;sensor.v379_top_floor;6782.0;1986-02-14 21:20:08
501;sensor.v441_left_floor;yxndzfuzp;1979-09-25 08:47:19
502;sensor.v398_right_floor;4635.76;1969-03-16 07:15:45
503;sensor.v523_top_floor;lzthgrddr;1979-12-17 04:54:32
504;sensor.v036_bottom_floor;9616.19;1967-05-03 20:15:31
505;sensor.v504_bottom_floor;csrwddwfd;1965-08-02 00:33:12
506;sensor.v481_top_floor;htzxabdjd;1999-10-15 09:00:13
507;sensor.v571_left_floor;9506.96;1962-08-13 19:43:28
508;sensor.v537_left_floor;2611.52;1975-09-13 07:55:33
509;sensor.v031_top_floor;opucgpofz;1998-03-21 14:36:30
510;sensor.v414_right_floor;384.26;1999-12-08 07:46:22
511;sensor.v723_bottom_floor;932.3;1968-02-05 22:59:56
512;sensor.v293_right_floor;bnhcdtlze;1966-08-19 21:06:41
513;sensor.v414_bottom_floor;pakeqdbgr;1974-04-20 03:19:22
514;sensor.v252_left_floor;dyfszbevp;1959-08-05 14:34:34
515;sensor.v775_bottom_floor;wiickfrkr;1992-12-08 16:31:59
516;sensor.v634_left_floor;6394.13;1981-07-14 18:55:02
517;sensor.v486_top_floor;9764.13;1963-08-25 02:44:11
518;sensor.v970_right_floor;342.46;1952-07-27 09:18:13
519;sensor.v360_left_floor;uhiuismma;1979-10-03 09:45:19
520;sensor.v769_top_floor;3086.18;1982-05-14 15:33:26
521;sensor.v745_left_floor;3664.76;1958-07-27 02:10:29
522;sensor.v175_left_floor;eidyjzjpi;1958-09-21 11:08:07
523;sensor.v899_right_floor;dxczpwaab;1988-08-10 14:24:55
524;sensor.v481_left_floor;rvihofmdt;1959-09-17 11:39:16
525;sensor.v989_right_floor;llcmsgcnk;1984-09-25 16:52:26
526;sensor.v116_top_floor;jwenlawts;1984-08-08 20:14:35
527;sensor.v970_right_floor;zbwxrspav;1966-01-07 03:24:57
528;sensor.v336_left_floor;kjfiyiblp;1986-10-04 15:43:58
529;sensor.v246_top_floor;9138.87;1998-12-22 11:11:24
530;sensor.v583_top_floor;jhpifrxhu;1954-02-13 19:07:25
531;sensor.v601_top_floor;770.88;1967-05-06 18:49:25
532;sensor.v634_top_floor;4287.23;1961-10-20 17:11:59
533;sensor.v947_right_floor;3797.01;1963-03-22 03:26:23
534;sensor.v247_left_floor;7661.67;1990-03-26 03:18:57
535;sensor.v390_bottom_floor;629.26;1958-08-22 17:24:16
536;sensor.v626_right_floor;jtpaqdlpa;1958-02-17 03:17:00
537;sensor.v004_left_floor;6452.63;1977-02-03 16:25:41
538;sensor.v151_bottom_floor;kmhkmigvl;1950-07-14 06:01:45
539;sensor.v742_right_floor;42.59;1965-06-25 07:09:31
540;sensor.v058_top_floor;6457.21;1970-06-24 02:41:43
541;sensor.v300_bottom_floor;pimmqcnwj;1969-04-15 00:52:20
542;sensor.v163_right_floor;buipsggjt;1991-11-04 21:44:52
543;sensor.v324_right_floor;rdnvkurvw;1962-06-01 14:41:02
544;sensor.v674_left_floor;fxybbvfdu;1999-11-18 17:15:19
545;sensor.v249_top_floor;5046.22;1994-09-01 12:40:14
546;sensor.v111_top_floor;5503.79;1965-08-22 13:39:36
547;sensor.v940_bottom_floor;tkdddtcuy;1979-12-08 20:11:24
548;sensor.v193_top_floor;gkctehvny;1952-10-06 03:34:35
549;sensor.v890_bottom_floor;187.23;1954-01-28 05:17:09
550;sensor.v332_bottom_floor;5648.05;1995-02-20 01:03:04
551;sensor.v592_top_floor;8283.6;1968-03-02 14:02:42
552;sensor.v459_top_floor;3583.96;1955-03-23 03:41:51
553;sensor.v996_top_floor;okfbbonpe;1988-11-22 22:33:02
554;sensor.v572_left_floor;tvbgjhpli;1997-11-19 12:27:50
555;sensor.v035_bottom_floor;6472.73;1984-05-17 07:49:00
556;sensor.v588_top_floor;hciwzsqes;1951-12-16 06:00:49
557;sensor.v753_bottom_floor;hgksvbbnz;1985-10-12 11:58:15
558;sensor.v830_left_floor;nfchdnydz;1974-01-08 15:01:31
559;sensor.v336_bottom_floor;9473.44;1954-02-27 19:24:35
560;sensor.v143_left_floor;ytmdfuljn;1978-08-28 19:16:04
561;sensor.v106_bottom_floor;4973.48;1972-09-13 16:34:38
562;sensor.v335_left_floor;7548.45;1974-04-07 20:09:50
563;sensor.v056_bottom_floor;vghknjphs;1968-08-10 23:57:40
564;sensor.v547_top_floor;elrvoafbf;1996-01-02 05:51:39
565;sensor.v621_bottom_floor;6918.94;1955-01-26 06:51:51
566;sensor.v250_left_floor;8000.78;1994-08-06 11:33:33
567;sensor.v532_top_floor;zknhbvseq;1977-09-28 06:51:48
568;sensor.v849_left_floor;subqkxuyy;1955-04-23 18:59:48
569;sensor.v137_right_floor;tncynfgdj;1993-01-12 03:23:16
570;sensor.v234_left_floor;6382.2;1977-03-04 23:15:18
571;sensor.v013_top_floor;7130.41;1970-01-27 03:53:56
572;sensor.v708_left_floor;diaznmves;1977-06-26 05:28:46
573;sensor.v976_left_floor;vecjifewc;1979-12-08 01:46:45
574;sensor.v247_bottom_floor;yxanvqclr;1999-05-09 08:24:38
575;sensor.v820_top_floor;6486.42;1997-05-22 12:17:58
576;sensor.v827_bottom_floor;767.85;1966-03-24 05:16:30
577;sensor.v388_top_floor;556.63;1993-05-03 01:04:58
578;sensor.v345_left_floor;bzboljrkm;1983-08-26 17:35:05
579;sensor.v599_bottom_floor;5634.95;1977-03-07 03:19:01
580;sensor.v200_bottom_floor;3243.5;1964-03-26 05:45:17
581;sensor.v720_right_floor;4437.8;1970-03-09 03:59:08
582;sensor.v074_top_floor;6402.04;1975-02-27 01:24:33
583;sensor.v069_left_floor;6717.29;1998-02-14 06:53:58
584;sensor.v117_left_floor;6312.86;2000-12-01 16:31:29
585;sensor.v226_top_floor;8668.15;1994-01-23 21:32:10
586;sensor.v970_top_floor;gcbmqsrtg;1994-09-13 16:59:27
587;sensor.v962_left_floor;38.0;1959-12-21 07:12:40
588;sensor.v859_bottom_floor;dummkctkj;2000-01-03 17:53:10
589;sensor.v342_bottom_floor;5232.42;1981-09-20 06:37:43
590;sensor.v275_bottom_floor;zmedbbjrr;1992-01-13 14:42:01
591;sensor.v155_top_floor;8239.65;1965-01-14 07:45:15
592;sensor.v786_top_floor;5006.44;1972-07-04 05:07:36
593;sensor.v149_right_floor;gvochuqqr;1951-04-01 16:35:46
594;sensor.v003_right_floor;wcekdkxfr;1970-10-04 02:15:39
595;sensor.v769_bottom_floor;wllleukhr;1961-11-19 11:51:56
596;sensor.v862_left_floor;5304.75;1957-03-01 20:23:40
597;sensor.v080_bottom_floor;lzjqpgtda;1998-01-21 03:55:04
598;sensor.v154_top_floor;7859.42;1984-10-12 07:24:53
599;sensor.v276_bottom_floor;1376.63;1987-12-09 18:51:03
600;sensor.v915_left_floor;8772.55;1952-01-15 14:53:24
601;sensor.v104_right_floor;861.24;1973-06-16 19:31:49
602;sensor.v222_left_floor;6077.77;1953-08-03 14:51:29
603;sensor.v279_top_floor;fzesharfe;1961-12-12 11:17:48
604;sensor.v824_right_floor;ofslujvzq;1991-04-12 15:18:15
605;sensor.v992_left_floor;rnxabxjil;1955-03-09 18:52:06
606;sensor.v038_right_floor;wltgawzvk;1977-03-10 13:11:18
607;sensor.v544_top_floor;4924.81;1985-10-27 01:54:45
608;sensor.v383_bottom_floor;fsjlbcayj;1951-06-22 23:24:01
609;sensor.v493_top_floor;cfbdgyoan;1976-08-11 17:04:03
610;sensor.v573_top_floor;pgqxoziju;1982-09-23 14:14:13
611;sensor.v207_left_floor;pgalsodnq;1975-03-20 15:50:41
612;sensor.v323_left_floor;sgwgcfrle;1975-07-15 22:48:44
613;sensor.v704_right_floor;6896.93;1960-05-26 21:15:20
614;sensor.v870_right_floor;agcwngrpo;1986-06-02 02:16:42
615;sensor.v682_left_floor;maejghdax;1960-06-07 13:21:27
616;sensor.v259_left_floor;nkjqmldwg;1990-02-18 23:33:02
617;sensor.v559_right_floor;wwtznqlnp;1978-06-05 12:43:20
618;sensor.v845_left_floor;5994.21;1952-04-23 08:48:25
619;sensor.v157_bottom_floor;dfktctmov;1985-06-18 09:13:58
620;sensor.v064_right_floor;fbgaphujy;1986-02-20 00:16:09
621;sensor.v388_top_floor;fbqdyxtxm;1953-06-14 10:15:29
622;sensor.v364_right_floor;6803.61;1989-11-15 07:06:04
623;sensor.v468_bottom_floor;ualgtzmwp;1999-10-09 09:02:55
624;sensor.v172_top_floor;2081.8;1976-10-09 08:00:55
625;sensor.v464_top_floor;fzasyqfcs;1998-01-22 17:31:36
626;sensor.v836_right_floor;6289.6;1951-02-22 00:28:52
627;sensor.v757_bottom_floor;mzebqaocj;1970-05-15 02:44:00
628;sensor.v742_right_floor;626.61;1999-08-03 01:13:54
629;sensor.v237_left_floor;qklkcjghy;1975-11-08 20:33:46
630;sensor.v898_left_floor;zvjxisyuh;2000-09-23 22:32:04
631;sensor.v403_left_floor;rvaktrxek;1984-12-19 08:32:14
632;sensor.v263_bottom_floor;tbjbkdklr;1964-09-20 16:37:55
633;sensor.v366_bottom_floor;5080.34;1994-11-05 07:34:24
634;sensor.v256_right_floor;wawrsdrhl;1968-10-23 20:56:07
635;sensor.v475_right_floor;phqzwmlwy;1994-05-23 19:39:45
636;sensor.v008_top_floor;usytvrrip;1988-04-20 22:42:05
637;sensor.v301_bottom_floor;slhxnyufr;1957-12-06 03:54:41
638;sensor.v894_bottom_floor;lfqolxiti;1952-10-19 17:48:43
639;sensor.v712_top_floor;9802.77;1975-10-15 07:50:18
640;sensor.v176_top_floor;eslflnypa;1998-07-19 04:14:22
641;sensor.v600_right_floor;agijilmpx;1982-01-16 04:08:34
642;sensor.v312_right_floor;8510.92;1984-06-24 12:56:16
643;sensor.v809_left_floor;275.42;1967-05-04 07:41:11
644;sensor.v822_bottom_floor;afsbfcyvb;1971-10-05 01:13:52
645;sensor.v890_right_floor;uktztdsti;1968-11-06 22:42:58
646;sensor.v006_right_floor;9316.81;1998-09-13 09:22:53
647;sensor.v339_top_floor;2350.89;1987-06-10 03:32:32
648;sensor.v169_right_floor;hmeizdxba;1983-07-18 23:40:30
649;sensor.v931_right_floor;hhqqrtcsu;1975-01-18 05:25:17
650;sensor.v574_right_floor;dsifhzxii;1969-01-18 01:20:13
651;sensor.v498_bottom_floor;bzyjfxepf;1958-05-11 01:07:32
652;sensor.v266_left_floor;erpxlheth;1978-12-12 03:21:32
653;sensor.v285_top_floor;dkyepiweu;1957-08-18 22:19:13
654;sensor.v284_right_floor;wfwtkdkct;1959-11-12 01:45:15
655;sensor.v826_right_floor;xihtcwwtn;1958-08-16 13:59:06
656;sensor.v887_left_floor;2501.81;1977-07-08 07:46:23
657;sensor.v066_bottom_floor;5207.21;1969-10-17 06:49:32
658;sensor.v552_left_floor;3470.73;1992-06-06 12:21:22
659;sensor.v120_top_floor;movmcyjpg;1972-11-23 01:20:04
660;sensor.v794_bottom_floor;4935.92;1951-04-07 08:44:53
661;sensor.v052_bottom_floor;qyatxvkdn;1974-09-07 16:23:16
662;sensor.v418_bottom_floor;vfmvychlm;1953-12-02 13:56:18
663;sensor.v676_right_floor;6448.86;1997-02-01 10:43:15
664;sensor.v006_left_floor;9244.99;1997-10-17 06:06:46
665;sensor.v981_right_floor;ienceeivv;2000-12-08 19:07:05
666;sensor.v604_right_floor;wpkziuozo;2000-05-11 04:24:21
667;sensor.v571_right_floor;560.09;1999-07-05 20:18:08
668;sensor.v770_top_floor;9592.82;1976-11-21 07:29:56
669;sensor.v769_top_floor;dgkuyebuz;1984-03-28 01:41:28
670;sensor.v248_top_floor;1705.85;1970-11-07 13:50:05
671;sensor.v991_right_floor;5455.3;1960-12-20 12:45:48
672;sensor.v290_bottom_floor;8377.07;1983-09-18 16:48:54
673;sensor.v997_right_floor;7341.8;1996-08-09 16:08:33
674;sensor.v970_right_floor;6942.19;1966-04-10 22:00:45
675;sensor.v615_bottom_floor;msraxnoak;1955-02-04 13:33:11
676;sensor.v822_right_floor;yqokblwmu;1985-11-08 04:32:35
677;sensor.v531_bottom_floor;kepuzefxr;1975-04-09 16:13:01
678;sensor.v179_bottom_floor;zehencziw;1959-06-10 13:46:52
679;sensor.v957_top_floor;rfpgebrxq;1950-11-27 18:56:41
680;sensor.v844_top_floor;8636.45;1964-11-21 07:19:26
681;sensor.v395_bottom_floor;7853.49;1953-01-09 11:24:48
682;sensor.v902_left_floor;3393.42;1999-02-27 09:44:11
683;sensor.v314_bottom_floor;9093.42;1981-10-21 03:53:11
684;sensor.v471_top_floor;gxwmppdzv;1971-11-04 13:33:21
685;sensor.v938_bottom_floor;876.43;1977-03-19 15:49:02
686;sensor.v252_top_floor;lusbeaqcb;1977-02-02 01:12:46
687;sensor.v895_right_floor;7479.91;1973-10-19 16:52:02
688;sensor.v634_left_floor;kieihphtx;1984-07-06 20:49:13
689;sensor.v236_right_floor;ctpvieknm;1959-06-15 16:42:20
690;sensor.v268_bottom_floor;3795.45;1954-09-05 19:31:49
691;sensor.v209_right_floor;9419.01;1982-06-01 13:51:16
692;sensor.v859_right_floor;5826.51;1952-04-17 22:39:33
693;sensor.v363_bottom_floor;461.71;1986-10-19 04:44:36
694;sensor.v304_bottom_floor;4576.1;1974-11-27 17:04:34
695;sensor.v346_right_floor;uzbmbpidw;1996-05-22 00:27:31
696;sensor.v171_bottom_floor;4635.45;1971-06-15 20:57:08
697;sensor.v086_top_floor;prjomtutn;1962-12-28 20:52:41
698;sensor.v968_right_floor;4019.29;1950-01-06 21:18:41
699;sensor.v966_bottom_floor;afaoubbwr;1953-11-28 14:12:54
700;sensor.v191_right_floor;zuhgqtgxv;1995-10-17 12:14:19
701;sensor.v091_top_floor;xoctmdedx;1981-05-20 23:06:15
702;sensor.v803_right_floor;fzhjagsdb;1951-03-15 05:35:49
703;sensor.v943_right_floor;ftjwkgajy;1953-03-07 23:19:34
704;sensor.v092_left_floor;wxzksmzpt;1974-05-19 16:43:20
705;sensor.v912_right_floor;9920.63;1952-08-09 14:43:20
706;sensor.v986_left_floor;tnkjqctvq;1978-08-07 05:56:16
707;sensor.v448_right_floor;gyjpydoxl;1965-03-03 22:18:36
708;sensor.v882_left_floor;cyfzepuej;1988-12-03 17:25:45
709;sensor.v030_right_floor;scqsnwxjl;1984-05-27 05:50:29
710;sensor.v296_top_floor;1204.82;1979-10-28 18:54:16
711;sensor.v607_right_floor;yazcamltk;1986-07-11 01:32:38
712;sensor.v495_top_floor;6396.12;1964-08-03 12:01:16
713;sensor.v168_left_floor;yhsqwmijh;1957-06-04 03:59:18
714;sensor.v612_bottom_floor;zxgfuexwa;1952-02-25 23:54:35
715;sensor.v962_right_floor;tenzrzswg;1997-07-21 10:43:17
716;sensor.v451_bottom_floor;nfostzfdi;1953-05-08 11:50:06
717;sensor.v858_top_floor;gpqzomxii;1988-10-06 03:08:18
718;sensor.v790_top_floor;ielwaxpjt;1996-03-21 18:41:08
719;sensor.v568_bottom_floor;jwywsihnf;1981-01-11 22:12:26
720;sensor.v579_right_floor;8812.2;1977-10-02 08:52:08
721;sensor.v668_right_floor;muoxvxttz;1957-02-11 13:43:58
722;sensor.v837_bottom_floor;5147.05;1959-01-16 17:35:42
723;sensor.v879_bottom_floor;xvorwditj;1988-04-10 14:33:11
724;sensor.v505_top_floor;9158.38;1967-06-06 23:51:42
725;sensor.v712_bottom_floor;4507.84;1960-12-14 09:54:02
726;sensor.v413_bottom_floor;5771.38;1989-07-09 19:36:18
727;sensor.v627_bottom_floor;7887.6;1957-03-04 22:30:21
728;sensor.v200_right_floor;cszdnxijh;1985-06-15 06:40:57
729;sensor.v311_top_floor;4575.34;1956-11-24 07:03:12
730;sensor.v451_bottom_floor;aekvwbkuz;1971-11-07 20:50:13
731;sensor.v102_left_floor;1848.37;1957-04-17 10:06:31
732;sensor.v333_left_floor;bcvijxfxe;1979-09-14 07:28:45
733;sensor.v913_bottom_floor;kwuzqnixy;1989-01-26 23:56:11
734;sensor.v969_bottom_floor;ujldtbomp;1998-11-14 00:00:04
735;sensor.v874_left_floor;1213.18;1957-02-25 14:07:35
736;sensor.v022_right_floor;dzwodcthd;1992-05-27 17:57:32
737;sensor.v535_right_floor;9783.92;1955-12-22 16:28:20
738;sensor.v121_left_floor;phrvdklcl;1970-09-05 07:24:03
739;sensor.v073_bottom_floor;xgrltzfsd;1951-06-10 00:58:31
740;sensor.v978_right_floor;4056.57;1954-05-24 20:23:09
741;sensor.v165_right_floor;1963.31;1955-04-12 17:30:01
742;sensor.v671_top_floor;5386.69;1976-03-09 03:05:02
743;sensor.v058_bottom_floor;1176.97;1972-06-28 06:54:18
744;sensor.v962_top_floor;sojtzoiiq;1993-04-08 20:27:46
745;sensor.v535_bottom_floor;zvxlcegix;1982-07-04 08:38:26
746;sensor.v205_bottom_floor;ctnzssejq;1976-09-03 02:21:41
747;sensor.v914_left_floor;ptefipvyr;1962-03-22 07:37:55
748;sensor.v152_bottom_floor;7258.55;1959-07-07 23:24:53
749;sensor.v447_left_floor;eqotqspge;1956-12-08 01:49:09
750;sensor.v934_top_floor;zskpfxfat;1978-09-05 05:12:04
751;sensor.v335_left_floor;kxdtzpvkt;1965-06-01 00:38:49
752;sensor.v317_right_floor;6525.47;1998-06-05 11:13:56
753;sensor.v771_right_floor;3693.5;1997-02-07 23:14:59
754;sensor.v123_bottom_floor;sbdklbmnf;1969-06-08 09:39:18
755;sensor.v580_bottom_floor;6426.69;2000-02-18 23:04:53
756;sensor.v545_top_floor;5312.1;1967-08-07 18:36:24
757;sensor.v209_left_floor;xsrrfjgoy;1958-04-28 23:13:25
758;sensor.v112_bottom_floor;8279.26;1982-09-09 20:13:47
759;sensor.v736_bottom_floor;dznbjprhw;1972-06-25 22:08:19
760;sensor.v527_right_floor;fjiomlwwe;1967-05-03 10:24:23
761;sensor.v451_top_floor;hyjwzuvou;1983-07-21 07:51:53
762;sensor.v187_right_floor;239.43;1993-02-03 08:29:29
763;sensor.v861_right_floor;ajbftvfvz;1989-07-28 17:15:25
764;sensor.v804_right_floor;qlxiliibh;1960-11-01 06:44:24
765;sensor.v472_left_floor;rrlhnrlll;1974-07-11 12:40:57
766;sensor.v118_top_floor;2718.12;1999-05-20 16:18:46
767;sensor.v777_right_floor;4686.59;1962-06-08 05:02:59
768;sensor.v128_right_floor;3579.55;1959-06-08 18:52:09
769;sensor.v736_right_floor;913.68;1954-12-10 21:39:51
770;sensor.v033_top_floor;2563.84;1995-04-01 15:34:10
771;sensor.v492_bottom_floor;aouumwbik;1961-10-19 07:04:47
772;sensor.v336_right_floor;botrauvcr;1968-10-22 22:25:17
773;sensor.v689_bottom_floor;ghaomyikl;1968-06-18 04:53:32
774;sensor.v360_left_floor;9861.0;1964-07-24 06:07:03
775;sensor.v554_right_floor;3677.31;1983-03-13 23:27:17
776;sensor.v096_top_floor;7068.75;1968-09-16 04:41:28
777;sensor.v371_left_floor;6852.69;1972-12-11 21:09:26
778;sensor.v752_right_floor;yhslvzdca;1981-07-21 17:26:30
779;sensor.v722_left_floor;7303.47;1973-05-04 04:41:20
780;sensor.v583_top_floor;1830.38;1955-06-03 18:29:40
781;sensor.v500_top_floor;vpkdikicj;1970-01-26 03:34:05
782;sensor.v178_bottom_floor;pkarqvauw;1974-11-15 03:37:25
783;sensor.v153_right_floor;8782.71;1962-11-10 20:37:12
784;sensor.v560_left_floor;5256.83;2000-09-10 07:20:32
785;sensor.v216_right_floor;epotlkoqo;1950-09-13 17:13:03
786;sensor.v625_top_floor;9573.57;1964-06-25 19:17:28
787;sensor.v189_right_floor;mbbsuuzqe;1979-04-27 17:16:59
788;sensor.v556_left_floor;muknfxzlz;1951-12-25 03:29:31
789;sensor.v769_top_floor;2253.55;1967-03-05 12:45:59
790;sensor.v538_top_floor;8110.44;1971-10-20 18:35:47
791;sensor.v188_right_floor;ctugvaxuo;1979-12-26 01:22:09
792;sensor.v095_left_floor;7046.13;1973-01-01 07:53:12
793;sensor.v738_left_floor;3218.01;1964-12-11 22:04:58
794;sensor.v766_left_floor;uijbkiwgt;1993-09-28 13:12:07
795;sensor.v627_left_floor;ffeumjofe;1985-06-22 10:13:36
796;sensor.v528_right_floor;tajxuxtlf;1989-10-13 04:16:27
797;sensor.v823_left_floor;sxhvtcfwx;1958-10-22 13:22:47
798;sensor.v370_top_floor;zeolwnzhh;1999-08-26 13:43:33
799;sensor.v227_right_floor;9891.7;1955-01-12 21:31:46
800;sensor.v919_right_floor;ogkgixamk;1986-08-13 15:03:19
801;sensor.v841_bottom_floor;pietreqxt;1953-12-03 07:32:23
802;sensor.v027_right_floor;eeqjzckmc;1951-01-08 17:22:50
803;sensor.v692_bottom_floor;owfycsrll;1964-01-07 13:19:16
804;sensor.v511_bottom_floor;icunejajz;1971-05-27 14:52:20
805;sensor.v121_bottom_floor;oimjsscti;1971-02-21 20:34:56
806;sensor.v413_right_floor;2914.41;1974-08-12 15:57:10
807;sensor.v345_left_floor;yoygrfkug;1952-06-21 06:51:32
808;sensor.v759_right_floor;5632.44;1952-01-23 08:27:24
809;sensor.v073_bottom_floor;sjzpetdnl;1963-04-12 00:07:07
810;sensor.v623_right_floor;8643.48;1979-04-09 19:19:04
811;sensor.v368_right_floor;9448.46;1954-03-09 17:33:14
812;sensor.v177_bottom_floor;kfhlkwpmx;1962-02-09 16:51:13
813;sensor.v834_top_floor;ujsdkxhzk;1992-12-02 02:52:24
814;sensor.v115_bottom_floor;9888.87;1979-06-11 17:08:03
815;sensor.v599_bottom_floor;7179.8;1977-09-09 13:41:56
816;sensor.v158_right_floor;5790.02;1993-06-26 23:28:46
817;sensor.v993_top_floor;zgukusgip;1966-08-17 14:42:44
818;sensor.v886_bottom_floor;bwspinqqz;1976-08-08 19:51:34
819;sensor.v248_top_floor;tfqmuminp;1995-12-23 11:27:47
820;sensor.v428_right_floor;5146.58;1974-12-01 16:46:58
821;sensor.v045_left_floor;9235.04;1995-01-25 02:03:41
822;sensor.v743_right_floor;9395.18;1983-12-16 15:58:26
823;sensor.v082_bottom_floor;37.94;1987-12-15 17:44:49
824;sensor.v372_top_floor;zpfejmozh;1991-12-12 00:10:42
825;sensor.v638_left_floor;zketghpca;1978-08-14 06:47:15
826;sensor.v560_bottom_floor;xipnixupn;1969-11-12 08:42:11
827;sensor.v264_left_floor;6897.02;1980-05-11 03:30:07
828;sensor.v029_top_floor;634.45;1971-03-08 00:11:37
829;sensor.v926_bottom_floor;1122.29;1992-03-06 05:50:29
830;sensor.v542_right_floor;9348.06;1964-02-20 23:00:10
831;sensor.v576_left_floor;kifgtqgdb;1977-09-27 12:56:35
832;sensor.v439_left_floor;tmehchxtc;1957-05-19 17:22:30
833;sensor.v553_left_floor;4001.86;1958-06-27 03:04:08
834;sensor.v620_bottom_floor;7818.54;1974-04-26 05:19:24
835;sensor.v886_top_floor;9819.44;1993-03-07 23:30:24
836;sensor.v460_right_floor;126.45;1983-11-24 05:52:32
837;sensor.v771_top_floor;jotjmyygf;1998-04-15 02:07:32
838;sensor.v216_left_floor;8269.88;1987-01-16 15:31:44
839;sensor.v031_top_floor;socbxzkfg;1955-11-09 18:30:25
840;sensor.v734_top_floor;490.86;1978-08-02 00:03:12
841;sensor.v243_left_floor;5815.97;1972-01-08 21:38:19
842;sensor.v111_top_floor;5261.72;1990-06-18 19:35:17
843;sensor.v827_left_floor;4401.07;1950-03-22 12:22:02
844;sensor.v580_bottom_floor;daffnerkl;1974-08-21 23:39:46
845;sensor.v668_bottom_floor;6111.07;1951-06-07 21:39:12
846;sensor.v096_bottom_floor;3843.46;1995-02-28 17:07:13
847;sensor.v480_bottom_floor;2168.63;1980-02-03 08:12:08
848;sensor.v335_right_floor;csmtqjphd;1983-11-28 03:50:25
849;sensor.v175_bottom_floor;caednfgfw;1981-01-08 14:42:24
850;sensor.v639_bottom_floor;5707.83;1965-01-09 00:10:47
851;sensor.v965_right_floor;1632.38;1971-06-13 18:47:03
852;sensor.v822_bottom_floor;1962.39;1976-05-05 10:14:22
853;sensor.v469_top_floor;zjxbhhgje;1974-10-28 20:30:18
854;sensor.v423_bottom_floor;8948.78;1956-12-19 00:50:41
855;sensor.v240_right_floor;ndzoupkpm;2000-08-14 14:41:36
856;sensor.v872_bottom_floor;mpnuhvjjn;1997-11-25 20:10:57
857;sensor.v518_bottom_floor;zrqwkpjnn;1998-02-13 09:14:34
858;sensor.v553_left_floor;gcvoewijs;1985-05-28 20:19:22
859;sensor.v662_right_floor;sunpjatab;1980-06-24 16:51:30
860;sensor.v946_top_floor;7930.72;1991-10-27 05:50:22
861;sensor.v482_bottom_floor;8502.57;1982-11-27 01:50:09
862;sensor.v149_bottom_floor;xfnkkgvka;1990-01-01 09:19:13
863;sensor.v590_top_floor;aifjnzebm;1981-11-01 18:14:23
864;sensor.v894_left_floor;1727.53;1963-12-15 06:18:30
865;sensor.v640_top_floor;luxqxqvmm;1966-06-03 21:26:12
866;sensor.v696_bottom_floor;4290.93;1973-01-04 05:46:46
867;sensor.v889_top_floor;7975.27;1993-08-03 03:10:13
868;sensor.v683_right_floor;sqpnoonts;1983-02-17 06:32:21
869;sensor.v526_top_floor;yjcwilxwu;1983-07-20 02:53:41
870;sensor.v057_left_floor;3281.51;1998-12-18 05:21:21
871;sensor.v977_left_floor;mssdiyzdc;1954-01-27 00:12:47
872;sensor.v613_left_floor;jkkbysqji;1991-05-13 16:17:33
873;sensor.v176_right_floor;7382.19;1954-07-11 09:48:49
874;sensor.v741_bottom_floor;9130.38;1974-12-05 00:34:30
875;sensor.v189_left_floor;3120.8;1960-09-07 03:04:35
876;sensor.v814_left_floor;2872.58;1990-10-08 14:30:36
877;sensor.v012_left_floor;6878.35;1960-09-13 04:57:54
878;sensor.v858_bottom_floor;9453.19;1989-06-22 21:31:15
879;sensor.v274_bottom_floor;2461.82;1956-06-23 16:27:40
880;sensor.v371_left_floor;8415.18;1993-10-20 14:42:07
881;sensor.v282_top_floor;hsxxggndm;1954-03-01 13:09:18
882;sensor.v858_left_floor;odlbgnksi;1988-12-13 20:12:06
883;sensor.v120_bottom_floor;otbqsgmmw;1992-07-08 06:27:46
884;sensor.v102_bottom_floor;2139.42;1971-09-01 16:23:56
885;sensor.v352_top_floor;epzqfzije;1991-03-10 06:41:10
886;sensor.v692_top_floor;6104.98;1975-11-12 12:45:24
887;sensor.v232_top_floor;gistjxryf;1999-03-27 03:18:17
888;sensor.v837_top_floor;8792.09;1961-06-15 17:14:25
889;sensor.v502_left_floor;yhxnneyjq;1996-12-13 05:01:10
890;sensor.v660_left_floor;6483.77;1961-12-16 16:45:58
891;sensor.v107_right_floor;6247.44;1988-08-16 19:07:03
892;sensor.v291_bottom_floor;6300.91;1966-02-22 09:42:56
893;sensor.v797_bottom_floor;2322.99;1951-06-16 13:38:03
894;sensor.v103_top_floor;1495.13;1971-10-09 21:34:51
895;sensor.v016_right_floor;xbdarqyfd;1999-03-21 15:05:37
896;sensor.v673_right_floor;1140.12;1993-05-18 14:05:35
897;sensor.v927_bottom_floor;hqkylwljd;1953-04-22 18:23:31
898;sensor.v064_top_floor;6973.56;1994-05-09 14:39:28
899;sensor.v828_top_floor;1086.68;1993-11-05 13:10:39
900;sensor.v745_top_floor;3404.89;1958-11-12 03:30:15
901;sensor.v629_right_floor;1014.18;1999-07-17 07:41:56
902;sensor.v126_top_floor;aacawrpkw;1971-01-26 18:13:55
903;sensor.v471_right_floor;1977.45;1977-06-06 01:19:21
904;sensor.v923_top_floor;zodathosl;1962-06-11 04:34:56
905;sensor.v989_bottom_floor;9323.13;1988-06-26 17:57:03
906;sensor.v522_bottom_floor;tdvhkyoat;1961-07-09 14:38:19
907;sensor.v070_bottom_floor;2710.1;1986-01-18 12:53:48
908;sensor.v822_right_floor;6423.14;1962-07-01 16:22:52
909;sensor.v010_bottom_floor;pngzfljxm;1985-04-03 19:01:32
910;sensor.v729_bottom_floor;depvccusu;1975-11-12 16:15:48
911;sensor.v166_bottom_floor;5819.88;1992-10-26 08:58:21
912;sensor.v510_right_floor;5204.46;1977-11-08 06:36:14
913;sensor.v832_right_floor;5954.24;1970-09-08 23:17:49
914;sensor.v031_left_floor;wqxlzhume;1962-03-21 12:22:26
915;sensor.v422_bottom_floor;fsjbijgyz;1973-04-01 22:21:54
916;sensor.v245_right_floor;9904.36;1965-12-07 23:11:51
917;sensor.v277_right_floor;ydnfhhiia;1965-05-09 23:49:49
918;sensor.v308_bottom_floor;7810.01;1976-03-21 17:29:19
919;sensor.v766_bottom_floor;jsyxzpwsy;1986-06-01 02:20:54
920;sensor.v200_left_floor;hvovuiwfk;1958-02-21 05:51:49
921;sensor.v846_bottom_floor;vdssvelkq;1985-10-27 08:15:42
922;sensor.v799_left_floor;3327.83;1973-02-28 05:13:07
923;sensor.v345_bottom_floor;5523.0;1973-09-12 11:39:47
924;sensor.v713_left_floor;7337.22;1986-06-11 03:25:33
925;sensor.v245_top_floor;5405.59;1953-08-06 21:25:12
926;sensor.v688_top_floor;8979.76;1957-09-02 14:02:14
927;sensor.v165_top_floor;4639.72;1956-05-24 14:18:59
928;sensor.v742_top_floor;2838.99;1978-10-20 14:25:02
929;sensor.v432_right_floor;bcvgcxmqt;1990-12-11 05:00:59
930;sensor.v613_right_floor;qvounfzmh;1996-02-10 03:56:42
931;sensor.v381_bottom_floor;dyfbdepoy;1959-02-09 18:43:32
932;sensor.v965_top_floor;btyanmloy;1983-05-22 17:23:27
933;sensor.v317_top_floor;iqqqlttfc;1960-04-16 23:52:19
934;sensor.v121_bottom_floor;4035.05;1961-03-14 01:35:13
935;sensor.v471_top_floor;bliqskdvo;1992-03-14 23:42:01
936;sensor.v973_left_floor;isvnmedzt;1991-10-21 08:49:11
937;sensor.v624_left_floor;7733.08;1957-09-27 11:26:48
938;sensor.v718_right_floor;efbsdkjrq;1992-03-17 22:02:22
939;sensor.v161_top_floor;4975.69;1983-08-15 19:58:07
940;sensor.v829_right_floor;jbrtxijzx;1963-07-28 23:56:02
941;sensor.v779_left_floor;2412.35;1994-08-10 01:15:06
942;sensor.v562_top_floor;ifuyiuear;1996-05-14 18:04:01
943;sensor.v333_bottom_floor;smhlazzom;1961-09-21 23:23:24
944;sensor.v588_left_floor;6381.88;1987-06-09 03:11:39
945;sensor.v664_right_floor;jckkfmvjs;1951-09-13 19:14:07
946;sensor.v252_left_floor;yjhtgnwkd;1967-05-07 17:53:14
947;sensor.v568_left_floor;1937.16;1974-09-22 08:08:44
948;sensor.v339_top_floor;hlyqtvnvl;1988-08-16 01:53:04
949;sensor.v482_top_floor;ywmmjdlfg;1992-11-28 14:36:49
950;sensor.v130_top_floor;2146.89;1982-09-26 15:00:24
951;sensor.v493_right_floor;fbsygzdsx;1956-02-13 05:32:30
952;sensor.v185_bottom_floor;8645.71;1987-08-21 07:06:30
953;sensor.v012_top_floor;sbhnhekzd;2000-02-04 12:05:32
954;sensor.v180_bottom_floor;8611.43;1966-11-18 00:57:49
955;sensor.v231_top_floor;9285.72;1964-06-27 15:07:46
956;sensor.v123_left_floor;jvskmlgoy;1997-02-05 11:04:59
957;sensor.v653_bottom_floor;twderlilc;1970-09-27 15:01:02
958;sensor.v960_bottom_floor;jdjkittje;1965-11-07 22:10:27
959;sensor.v543_top_floor;ujpbkrkqs;1985-11-24 19:39:43
960;sensor.v963_bottom_floor;ielpxmfwo;1994-08-28 22:44:29
961;sensor.v939_top_floor;tiwvfwozg;1975-07-26 13:32:18
962;sensor.v134_left_floor;9821.94;1988-07-15 15:24:00
963;sensor.v457_bottom_floor;ujrseiyjp;1991-09-13 20:58:29
964;sensor.v498_top_floor;8600.68;1989-12-20 13:02:54
965;sensor.v578_bottom_floor;lrqcuhegr;1974-03-02 23:56:00
966;sensor.v169_bottom_floor;hygawqsuj;1988-06-05 08:24:46
967;sensor.v094_right_floor;2006.26;1955-04-27 22:50:49
968;sensor.v655_bottom_floor;4322.97;1996-10-14 18:06:22
969;sensor.v792_top_floor;4595.77;1957-04-24 00:17:58
970;sensor.v479_right_floor;9576.75;1991-09-18 00:24:56
971;sensor.v231_left_floor;9596.09;1989-03-27 09:39:46
972;sensor.v468_left_floor;daamkcwcr;1953-07-18 00:45:59
973;sensor.v827_top_floor;lwsmsuyup;1973-10-13 12:07:46
974;sensor.v893_left_floor;uicarzfaq;1971-11-17 04:00:04
975;sensor.v925_bottom_floor;7580.71;1991-12-14 20:27:02
976;sensor.v767_right_floor;mnkcznjgt;1979-01-13 23:23:55
977;sensor.v307_top_floor;sxxwzgodk;1968-08-25 01:40:05
978;sensor.v573_right_floor;bntmuqlpx;1970-10-15 09:20:32
979;sensor.v299_bottom_floor;dsoiojxiu;1955-03-17 02:46:28
980;sensor.v499_left_floor;tuqvkuptg;1970-05-01 18:21:12
981;sensor.v038_left_floor;3844.24;1995-10-04 07:35:03
982;sensor.v705_top_floor;4749.27;1978-01-02 20:54:06
983;sensor.v548_top_floor;lgmfbqyaj;1978-01-04 06:16:57
984;sensor.v723_bottom_floor;8385.59;1986-01-24 07:28:39
985;sensor.v829_right_floor;3867.36;1963-07-11 20:38:50
986;sensor.v737_bottom_floor;6900.02;1995-09-27 00:14:21
987;sensor.v876_bottom_floor;aljqsrdyd;1963-07-09 00:09:13
988;sensor.v867_right_floor;gxnibmweh;1986-10-24 00:30:30
989;sensor.v495_right_floor;9006.56;1954-10-21 07:30:52
990;sensor.v084_top_floor;ivgwjfthy;1995-09-09 18:01:55
991;sensor.v374_right_floor;zyvnyeowx;1995-12-14 01:20:45
992;sensor.v431_right_floor;2203.58;1993-09-22 03:09:27
993;sensor.v442_bottom_floor;6074.36;1999-12-19 12:43:14
994;sensor.v287_top_floor;1893.92;2000-07-01 15:35:54
995;sensor.v975_right_floor;3125.47;1992-06-23 00:50:59
996;sensor.v981_bottom_floor;3835.23;1980-06-25 10:26:54
997;sensor.v002_bottom_floor;6771.59;1951-05-14 18:17:33
998;sensor.v780_right_floor;4280.02;1971-08-17 15:04:08
999;sensor.v424_bottom_floor;ozdsowycl;1974-04-04 17:27:21
