;name;value;timestamp
0;sensor.v324_right_floor;6304.61;1991-06-03 10:23:45
1;sensor.v351_right_floor;3024.6;1986-10-11 11:25:16
2;sensor.v894_left_floor;7983.58;1969-01-10 01:44:55
3;sensor.v774_top_floor;633.93;1987-02-22 09:45:23
4;sensor.v523_left_floor;oskiqaidg;1974-12-16 15:31:08
5;sensor.v433_right_floor;5076.2;1978-09-21 23:49:19
6;sensor.v348_left_floor;mifqvzxhs;1977-06-22 19:33:47
7;sensor.v252_left_floor;eyyaktuhy;1994-02-22 08:27:23
8;sensor.v297_left_floor;mqzrvkjkc;1969-12-05 15:27:27
9;sensor.v714_bottom_floor;tulioeyua;1991-07-12 18:55:47
10;sensor.v868_top_floor;3881.84;1965-02-07 11:42:47
11;sensor.v709_top_floor;temurfngo;1962-03-13 12:37:16
12;sensor.v394_bottom_floor;6877.46;1964-11-01 23:23:49
13;sensor.v066_bottom_floor;plrfyzofj;1984-11-12 16:13:01
14;sensor.v038_top_floor;1433.04;1950-11-09 10:37:48
15;sensor.v697_bottom_floor;948.13;1988-07-03 14:07:30
16;sensor.v811_bottom_floor;9019.92;1961-03-22 23:34:54
17;sensor.v487_right_floor;rvkdxlwyn;1987-03-28 09:58:14
18;sensor.v576_top_floor;7729.59;2000-05-09 11:27:35
19;sensor.v448_bottom_floor;8161.84;1963-04-04 00:39:43
20;sensor.v378_top_floor;2658.58;1950-07-14 21:35:58
21;sensor.v125_top_floor;olgeogecc;1984-02-10 05:03:03
22;sensor.v766_left_floor;iolqhctnw;1960-09-24 12:57:53
23;sensor.v944_right_floor;gqzhmjbsw;1999-12-24 01:14:16
24;sensor.v112_right_floor;poksuaekn;1957-09-10 20:51:12
25;sensor.v966_right_floor;4689.16;1959-05-26 00:37:21
26;sensor.v323_right_floor;8506.73;1955-11-04 00:43:07
27;sensor.v951_left_floor;1186.73;1980-05-09 22:28:19
28;sensor.v703_left_floor;271.32;1994-11-27 14:36:52
29;sensor.v413_bottom_floor;nizmfzcff;1959-04-08 22:07:41
30;sensor.v621_left_floor;3590.2;1963-10-18 16:55:13
31;sensor.v809_right_floor;ptpfetikw;1996-07-25 22:09:27
32;sensor.v370_left_floor;3116.31;1998-05-15 17:03:52
33;sensor.v991_top_floor;ndctezkqe;1968-08-27 06:18:04
34;sensor.v034_top_floor;twtdbywbz;1992-02-06 22:42:30
35;sensor.v479_right_floor;cgkvlfwdw;1996-02-16 17:08:20
36;sensor.v750_right_floor;6924.02;1960-03-26 08:40:39
37;sensor.v541_left_floor;9316.81;1953-07-03 11:41:56
38;sensor.v939_bottom_floor;6741.05;1981-12-03 18:43:09
39;sensor.v671_right_floor;1375.31;1957-11-13 23:21:11
40;sensor.v066_bottom_floor;ypgflcube;1959-07-23 00:40:53
41;sensor.v827_top_floor;70.81;1954-06-11 13:53:21
42;sensor.v333_right_floor;6140.51;1956-12-15 04:59:01
43;sensor.v334_right_floor;1608.08;1969-10-17 20:27:12
44;sensor.v204_top_floor;ialywnaaj;1970-01-22 02:07:59
45;sensor.v740_bottom_floor;3173.72;1995-02-20 14:52:50
46;sensor.v363_left_floor;462.36;1969-08-04 10:11:11
47;sensor.v835_left_floor;zrekszzlz;1969-07-24 11:50:41
48;sensor.v590_top_floor;uuleyhjch;1992-03-16 18:54:24
49;sensor.v601_bottom_floor;lipaofppr;1962-04-15 22:21:55
50;sensor.v464_top_floor;euyahxnfp;1958-09-14 01:24:19
51;sensor.v322_bottom_floor;3590.69;1950-08-27 21:30:24
52;sensor.v300_left_floor;rijwviqia;2000-07-15 16:30:55
53;sensor.v988_bottom_floor;hpvjiqnwf;1994-06-18 05:10:13
54;sensor.v658_right_floor;1866.29;1957-11-05 05:37:56
55;sensor.v956_top_floor;yszbhyluv;1965-03-21 10:38:15
56;sensor.v275_bottom_floor;ehwsngmvd;1965-09-01 23:54:06
57;sensor.v300_bottom_floor;jsszkyfhq;1982-08-04 19:20:27
58;sensor.v002_top_floor;3623.13;1985-04-27 00:32:40
59;sensor.v841_bottom_floor;hbtajobbb;1997-12-23 19:11:37
60;sensor.v681_top_floor;4107.95;1998-12-05 01:47:43
61;sensor.v516_right_floor;mihtoapdr;1975-09-25 22:57:58
62;sensor.v332_bottom_floor;7648.74;1982-04-23 04:51:51
63;sensor.v948_top_floor;8522.58;1952-06-14 12:54:03
64;sensor.v336_right_floor;fnhfyalok;1979-05-12 11:15:45
65;sensor.v008_top_floor;5408.3;1967-02-21 23:09:14
66;sensor.v714_top_floor;ghslpxdlb;1960-08-10 07:59:47
67;sensor.v804_top_floor;4779.48;1957-09-28 02:01:42
68;sensor.v776_bottom_floor;tnhyupwzz;1961-04-04 02:36:53
69;sensor.v864_left_floor;4715.62;1962-01-06 03:12:22
70;sensor.v439_left_floor;4585.15;1970-06-28 18:58:30
71;sensor.v898_top_floor;2333.95;1978-09-18 15:40:45
72;sensor.v603_bottom_floor;2742.92;1989-10-05 18:20:24
73;sensor.v903_bottom_floor;qnxgfrkeu;1965-10-19 17:12:35
74;sensor.v781_left_floor;1093.91;1952-11-08 07:59:17
75;sensor.v006_bottom_floor;uctcncmea;1986-08-17 13:11:34
76;sensor.v264_top_floor;2444.13;1961-10-11 13:46:10
77;sensor.v763_top_floor;855.48;1990-08-18 22:28:25
78;sensor.v549_top_floor;qhdmrexzc;1995-07-23 04:52:19
79;sensor.v356_right_floor;bqcnqowqv;1985-10-15 17:49:37
80;sensor.v742_top_floor;4763.32;1960-06-11 17:28:26
81;sensor.v194_bottom_floor;1419.44;1966-03-27 18:20:22
82;sensor.v787_top_floor;2512.71;1990-01-15 16:12:59
83;sensor.v066_top_floor;rlawuotbr;1985-05-16 17:30:03
84;sensor.v645_left_floor;7453.99;1994-12-28 08:11:36
85;sensor.v855_left_floor;awjcpzfxs;1977-01-10 01:37:32
86;sensor.v273_left_floor;8340.52;1979-08-14 13:07:16
87;sensor.v199_right_floor;4830.18;1956-11-05 18:29:45
88;sensor.v861_left_floor;qqvfajgyd;1997-09-18 06:29:48
89;sensor.v933_top_floor;ucadmgxrp;1961-08-03 00:01:23
90;sensor.v716_bottom_floor;vmciqhgkn;1952-04-25 01:41:19
91;sensor.v463_left_floor;2687.17;1993-03-08 22:35:37
92;sensor.v274_left_floor;dklrztauu;1978-09-19 23:37:18
93;sensor.v239_bottom_floor;4637.0;1984-03-25 05:18:19
94;sensor.v892_right_floor;ujfquxdlw;1966-12-08 22:03:29
95;sensor.v620_left_floor;mwrhhwivo;1978-07-17 11:12:30
96;sensor.v574_left_floor;3144.78;1993-01-21 18:44:14
97;sensor.v885_bottom_floor;nlfujvbos;1960-02-20 12:28:36
98;sensor.v608_bottom_floor;9781.67;1998-05-24 20:49:16
99;sensor.v841_bottom_floor;vxxhcysar;1954-10-04 21:26:38
100;sensor.v264_bottom_floor;uzidbdrxt;1969-02-07 20:01:10
101;sensor.v209_bottom_floor;dwbsblbew;1992-11-07 15:25:55
102;sensor.v653_right_floor;9733.33;1972-08-08 18:08:57
103;sensor.v829_right_floor;8693.21;1980-02-06 18:46:54
104;sensor.v384_right_floor;iinrdokea;1997-03-11 10:33:22
105;sensor.v334_right_floor;2010.58;1982-07-11 02:58:07
106;sensor.v011_top_floor;146.34;1984-01-10 14:07:52
107;sensor.v842_top_floor;1238.63;1983-06-08 14:35:00
108;sensor.v585_top_floor;ytishwjbv;1958-01-28 11:59:01
109;sensor.v558_top_floor;3296.25;1981-04-14 00:56:36
110;sensor.v927_left_floor;kyzjhpweh;1993-11-14 19:05:46
111;sensor.v891_right_floor;czfwhnwft;1982-05-05 18:29:09
112;sensor.v146_right_floor;fyylmbrot;1973-04-16 12:36:28
113;sensor.v412_top_floor;8633.77;1991-09-12 23:14:35
114;sensor.v642_bottom_floor;ydfimklcu;1958-11-24 15:21:02
115;sensor.v644_left_floor;8787.07;1976-12-21 13:32:48
116;sensor.v755_left_floor;5034.48;1994-06-26 02:27:43
117;sensor.v507_bottom_floor;seieieccf;1951-12-19 17:10:15
118;sensor.v107_top_floor;wfbfbrzxu;1979-07-04 09:34:00
119;sensor.v509_left_floor;7049.88;1961-07-05 20:56:29
120;sensor.v012_bottom_floor;imrpulbbm;1986-11-17 05:43:01
121;sensor.v460_left_floor;5466.47;1978-01-22 18:26:19
122;sensor.v932_left_floor;sunppftco;1952-06-17 15:10:49
123;sensor.v566_right_floor;kywsyqjwy;2000-04-02 11:14:08
124;sensor.v961_top_floor;jasobabji;1993-08-24 17:06:28
125;sensor.v564_left_floor;icbyztqur;1970-06-06 08:08:06
126;sensor.v074_bottom_floor;vuezqxxst;1955-12-02 08:20:42
127;sensor.v278_bottom_floor;4542.22;1998-12-13 05:54:22
128;sensor.v619_top_floor;6212.19;1950-01-09 20:47:45
129;sensor.v437_bottom_floor;833.65;1960-10-26 15:10:04
130;sensor.v299_top_floor;tjfrjlalh;1954-02-09 20:35:08
131;sensor.v736_right_floor;srkhhaukh;1983-08-17 19:04:27
132;sensor.v096_top_floor;ryugokctg;1968-08-18 19:35:51
133;sensor.v623_top_floor;sytqiredc;1976-02-25 06:51:10
134;sensor.v316_bottom_floor;vkuogdjvl;1973-08-22 05:35:32
135;sensor.v752_bottom_floor;ygxkctgrk;1960-12-28 08:58:20
136;sensor.v755_left_floor;1876.5;1966-06-05 21:49:12
137;sensor.v723_top_floor;8373.71;1950-07-16 08:33:04
138;sensor.v151_top_floor;hoedimgre;1978-02-16 12:20:18
139;sensor.v077_top_floor;8101.52;1970-12-04 03:40:49
140;sensor.v446_right_floor;7181.81;1987-08-07 13:11:37
141;sensor.v468_left_floor;5959.95;1950-06-11 14:40:44
142;sensor.v579_left_floor;6236.12;1958-01-13 17:25:55
143;sensor.v504_bottom_floor;8215.72;1972-04-09 09:17:40
144;sensor.v421_top_floor;5376.65;1980-01-03 10:06:44
145;sensor.v870_left_floor;5426.11;1984-08-09 15:55:29
146;sensor.v280_top_floor;iezmlispf;1953-09-15 14:14:50
147;sensor.v606_right_floor;tvitfjuox;1969-11-16 17:13:06
148;sensor.v538_left_floor;7968.56;1976-06-27 16:42:32
149;sensor.v829_left_floor;9947.44;1995-07-05 18:46:48
150;sensor.v435_top_floor;vwqpliiqb;1991-06-19 08:38:38
151;sensor.v576_bottom_floor;5642.27;1982-04-07 00:18:27
152;sensor.v089_right_floor;3339.58;1962-08-12 15:53:40
153;sensor.v512_top_floor;nnjhtuvtj;1964-06-18 13:01:27
154;sensor.v636_right_floor;4408.37;1956-01-20 13:50:42
155;sensor.v685_bottom_floor;kuoskgfyd;1966-08-03 07:15:58
156;sensor.v511_left_floor;4880.56;1952-07-17 15:21:01
157;sensor.v135_top_floor;1023.29;1965-06-15 08:00:06
158;sensor.v773_bottom_floor;drjuzgcgq;1976-12-08 10:07:37
159;sensor.v128_top_floor;sbgdzkbvs;1970-07-08 13:20:22
160;sensor.v202_right_floor;bijjdgpvv;1986-11-05 11:39:14
161;sensor.v548_right_floor;5481.01;1955-07-27 23:28:31
162;sensor.v517_left_floor;9112.43;1972-03-26 19:22:57
163;sensor.v283_top_floor;ilnflsnjv;1999-05-23 17:15:37
164;sensor.v937_bottom_floor;bbvwspwes;1952-03-17 14:42:58
165;sensor.v206_top_floor;8045.7;1982-04-07 03:58:18
166;sensor.v577_top_floor;fmmjhdrjz;1953-12-09 06:06:57
167;sensor.v272_top_floor;mosgxgglk;1979-08-09 22:45:24
168;sensor.v225_right_floor;9865.08;1987-11-14 14:06:04
169;sensor.v392_top_floor;wkdqvfkhl;1979-07-04 19:47:26
170;sensor.v251_right_floor;knmubsnzj;1964-02-09 00:34:39
171;sensor.v988_bottom_floor;xwytaomrf;1982-05-12 18:50:36
172;sensor.v433_bottom_floor;1699.42;1973-08-15 03:14:48
173;sensor.v774_top_floor;yatyixkpw;1992-10-09 09:58:08
174;sensor.v991_top_floor;8123.95;1955-06-09 15:58:34
175;sensor.v919_bottom_floor;jdbxlmpvw;1953-10-21 05:11:27
176;sensor.v743_right_floor;eznikztsa;1994-02-11 01:51:25
177;sensor.v439_right_floor;wwgcsasxx;1979-09-17 06:30:25
178;sensor.v583_top_floor;299.97;1958-10-25 18:53:45
179;sensor.v244_bottom_floor;4211.89;1991-01-15 19:26:21
180;sensor.v874_top_floor;sohsnhktt;1956-12-04 03:58:28
181;sensor.v780_top_floor;1390.72;1987-11-13 13:57:14
182;sensor.v261_left_floor;erdkzhebk;1959-01-12 21:57:13
183;sensor.v622_right_floor;9524.07;1966-04-15 12:13:13
184;sensor.v725_right_floor;612.54;1994-04-08 21:40:59
185;sensor.v990_bottom_floor;8760.88;1960-04-21 19:47:45
186;sensor.v656_right_floor;2893.04;1971-01-04 02:55:49
187;sensor.v483_left_floor;xlxyufnum;1997-02-13 18:47:29
188;sensor.v093_left_floor;eceyvnugg;1966-06-08 17:44:20
189;sensor.v683_left_floor;pxvgovncy;1973-04-25 16:36:51
190;sensor.v805_left_floor;svcsrujri;1986-11-06 21:41:14
191;sensor.v992_bottom_floor;zefjtvovf;1969-06-10 12:12:13
192;sensor.v468_top_floor;glkeubebt;1986-06-04 02:02:30
193;sensor.v952_top_floor;gxvmitwic;1981-11-03 23:43:21
194;sensor.v382_right_floor;eqhgtbyem;1963-04-13 12:38:45
195;sensor.v410_left_floor;vvljiuqwp;1975-01-23 08:28:46
196;sensor.v200_top_floor;3194.6;1955-09-25 01:07:22
197;sensor.v891_right_floor;wnprmijdr;1975-08-13 04:29:30
198;sensor.v653_right_floor;2543.55;1990-04-09 03:09:19
199;sensor.v699_bottom_floor;9560.01;1961-05-18 11:46:52
200;sensor.v109_left_floor;2704.45;1971-07-17 14:05:01
201;sensor.v718_bottom_floor;656.58;1958-05-28 15:56:33
202;sensor.v419_top_floor;8549.52;1971-09-01 11:40:05
203;sensor.v249_right_floor;mqwirpnxw;1966-01-17 00:23:57
204;sensor.v803_top_floor;hezqzgvvs;1984-06-16 00:18:40
205;sensor.v185_top_floor;181.12;1986-02-11 00:25:50
206;sensor.v502_right_floor;nkjuibdax;1984-03-09 03:53:21
207;sensor.v912_bottom_floor;9133.01;1996-11-16 04:26:32
208;sensor.v443_bottom_floor;6627.63;1951-04-16 23:26:09
209;sensor.v749_left_floor;rlwpeeukp;1959-04-01 23:22:03
210;sensor.v942_left_floor;wdfwuglbi;1959-03-20 18:50:55
211;sensor.v421_left_floor;bygrwsbdm;1971-03-01 08:35:38
212;sensor.v298_bottom_floor;854.17;1966-05-05 11:51:17
213;sensor.v447_left_floor;cegnzmdbb;1991-05-28 18:31:57
214;sensor.v097_right_floor;ctkyvnpmz;1981-09-15 00:37:11
215;sensor.v133_top_floor;1064.04;1985-05-14 21:15:33
216;sensor.v243_left_floor;qrqqrtzoc;1958-02-01 00:48:47
217;sensor.v654_bottom_floor;vuipptjgu;1983-01-12 15:40:59
218;sensor.v528_bottom_floor;9548.71;1986-08-12 16:08:57
219;sensor.v035_bottom_floor;1542.1;1977-01-08 14:32:41
220;sensor.v911_left_floor;mtswoijvy;1958-02-11 23:49:47
221;sensor.v699_bottom_floor;hbpphxwfy;1998-04-10 11:42:36
222;sensor.v196_left_floor;2666.42;1965-08-01 15:31:33
223;sensor.v522_bottom_floor;7671.67;1991-09-10 22:31:16
224;sensor.v377_top_floor;glyhlzbhc;1972-10-02 18:02:44
225;sensor.v653_left_floor;lfyhbzrta;2000-07-02 04:05:24
226;sensor.v905_top_floor;754.28;1953-10-26 09:06:02
227;sensor.v345_bottom_floor;bpjbpcdzi;1998-07-11 14:06:01
228;sensor.v132_bottom_floor;226.62;1985-11-04 23:57:58
229;sensor.v699_top_floor;9151.08;1986-03-07 03:05:41
230;sensor.v973_right_floor;3337.58;1979-01-16 07:54:33
231;sensor.v998_left_floor;548.11;1991-03-10 02:57:15
232;sensor.v183_top_floor;4887.54;1992-04-06 10:37:45
233;sensor.v187_bottom_floor;126.6;1968-05-17 10:23:53
234;sensor.v292_left_floor;owwbyfxhr;1965-01-12 16:54:23
235;sensor.v220_left_floor;2926.52;1982-05-14 02:50:24
236;sensor.v360_left_floor;qgyubezky;1983-04-03 05:40:59
237;sensor.v931_top_floor;8120.26;1955-10-02 08:59:03
238;sensor.v827_bottom_floor;azaifejcm;1978-01-24 18:05:33
239;sensor.v439_left_floor;fhrlrtjew;1973-05-17 13:48:16
240;sensor.v537_left_floor;1678.56;1963-11-12 14:59:15
241;sensor.v282_bottom_floor;1667.27;1996-08-07 19:22:03
242;sensor.v491_right_floor;4064.08;1966-03-19 02:36:06
243;sensor.v447_bottom_floor;3569.84;1987-04-02 05:08:03
244;sensor.v803_top_floor;581.9;1966-01-20 06:38:03
245;sensor.v512_left_floor;tztyodquz;1992-03-26 01:16:16
246;sensor.v230_left_floor;knpvzhagt;1968-11-16 02:26:40
247;sensor.v052_top_floor;8126.9;1975-01-08 09:50:06
248;sensor.v133_left_floor;9136.22;1959-03-25 04:35:46
249;sensor.v486_top_floor;yamjwdzuv;1967-10-25 12:10:35
250;sensor.v311_bottom_floor;wrunescgl;1979-02-21 03:16:58
251;sensor.v967_bottom_floor;emagpvqdx;1960-09-07 20:15:09
252;sensor.v808_left_floor;5231.35;1956-01-16 20:56:45
253;sensor.v111_right_floor;khzfjimrn;1965-09-20 06:37:28
254;sensor.v273_right_floor;jganlguiw;1989-08-09 22:45:19
255;sensor.v533_right_floor;8689.94;2000-05-03 13:36:18
256;sensor.v972_top_floor;nypmlsjzl;1992-11-17 06:14:26
257;sensor.v323_right_floor;6892.97;1960-07-10 08:45:31
258;sensor.v943_bottom_floor;mzxxzgggp;1960-07-13 17:18:40
259;sensor.v390_bottom_floor;ydhebeszn;1982-03-17 02:29:54
260;sensor.v778_right_floor;badmbdsxo;1961-04-12 08:31:17
261;sensor.v511_right_floor;qjvocgorx;1990-12-25 15:11:40
262;sensor.v867_left_floor;zxuawcrme;1963-03-21 13:55:46
263;sensor.v715_bottom_floor;8605.54;1982-03-04 13:58:08
264;sensor.v297_bottom_floor;4685.75;1951-02-21 03:22:42
265;sensor.v314_bottom_floor;mnbhgvtlt;1994-09-16 03:24:59
266;sensor.v665_bottom_floor;444.05;1983-02-07 09:13:15
267;sensor.v975_top_floor;epwupftkq;1970-10-17 20:08:42
268;sensor.v558_top_floor;ymlbflbwf;1987-08-20 11:26:57
269;sensor.v344_left_floor;mxxsrmnhq;1968-06-20 18:18:44
270;sensor.v040_right_floor;1719.02;1984-06-16 05:05:41
271;sensor.v178_left_floor;ahkhcyxjf;1953-01-20 05:03:39
272;sensor.v148_top_floor;6714.38;1968-08-25 05:51:21
273;sensor.v576_bottom_floor;7091.59;1982-10-07 23:12:40
274;sensor.v697_top_floor;udolsqoxu;1985-12-10 12:20:36
275;sensor.v620_right_floor;hsbrfonof;1992-09-18 20:17:42
276;sensor.v245_left_floor;6707.84;1965-06-11 20:58:17
277;sensor.v083_bottom_floor;pmmjsjjtd;1983-01-24 23:01:52
278;sensor.v382_bottom_floor;unhgetihb;1995-11-03 18:37:11
279;sensor.v515_right_floor;yilucrsmu;1966-03-09 19:14:20
280;sensor.v406_left_floor;huzqwivbb;1964-02-09 20:31:21
281;sensor.v581_left_floor;myrfogaef;1951-09-08 16:31:34
282;sensor.v175_right_floor;pwchdrjms;1959-10-19 11:32:15
283;sensor.v456_left_floor;qahdbvozm;1975-11-10 20:16:50
284;sensor.v884_bottom_floor;569.16;1960-12-09 01:05:09
285;sensor.v969_bottom_floor;2972.6;1983-04-05 09:57:41
286;sensor.v926_left_floor;8344.91;1979-11-05 21:59:36
287;sensor.v416_bottom_floor;3781.65;1951-06-23 10:49:04
288;sensor.v239_right_floor;3535.48;1960-12-16 04:48:49
289;sensor.v724_top_floor;phhsbpzdf;1998-12-06 02:11:50
290;sensor.v588_bottom_floor;bmpamawnx;1966-10-12 00:25:49
291;sensor.v448_left_floor;xtjermtwy;1975-09-26 10:18:00
292;sensor.v834_top_floor;8794.24;1970-02-10 02:55:20
293;sensor.v950_left_floor;3412.35;1969-01-01 02:16:52
294;sensor.v720_bottom_floor;mwynfcshg;1972-09-07 08:21:34
295;sensor.v838_bottom_floor;8212.72;1982-08-23 06:58:16
296;sensor.v687_top_floor;6726.68;1994-06-01 06:14:44
297;sensor.v917_right_floor;maxbkbmnf;1995-06-10 06:56:50
298;sensor.v239_top_floor;kwqtdnsis;1998-11-12 05:39:58
299;sensor.v769_right_floor;otqcndbyr;1967-12-07 06:31:55
300;sensor.v947_top_floor;wpsysysus;1962-04-25 19:15:11
301;sensor.v406_right_floor;rivjsdsta;1981-12-07 18:44:28
302;sensor.v081_top_floor;8333.66;1989-11-17 08:59:42
303;sensor.v978_top_floor;ibrhaaath;1996-04-11 14:29:29
304;sensor.v373_left_floor;8172.04;1950-11-20 12:06:58
305;sensor.v512_bottom_floor;2770.38;1953-03-12 18:45:57
306;sensor.v431_bottom_floor;6146.28;1966-11-09 17:36:35
307;sensor.v890_bottom_floor;utybswgrf;1966-12-21 11:22:50
308;sensor.v917_top_floor;qindnjbdu;1991-08-07 17:04:23
309;sensor.v704_top_floor;6513.01;1967-02-20 23:10:34
310;sensor.v506_bottom_floor;2192.62;1955-05-15 19:45:17
311;sensor.v090_left_floor;7952.68;1992-09-11 04:06:51
312;sensor.v002_bottom_floor;7247.25;1980-01-12 16:34:14
313;sensor.v224_top_floor;xlgemqaai;1993-12-15 22:25:32
314;sensor.v480_right_floor;8970.21;1992-08-16 15:21:10
315;sensor.v812_top_floor;1332.24;1992-05-28 03:44:56
316;sensor.v883_left_floor;kergbvsxn;1969-01-16 01:41:23
317;sensor.v936_right_floor;bejidjawu;1995-05-12 11:18:20
318;sensor.v028_left_floor;482.31;1952-01-13 16:22:06
319;sensor.v312_top_floor;wrhkdhgxr;1995-08-08 20:29:33
320;sensor.v372_right_floor;12.34;1993-01-07 16:32:55
321;sensor.v794_right_floor;soqrsjgqn;1953-03-02 20:26:44
322;sensor.v453_bottom_floor;uwxikxlda;1982-01-09 00:04:47
323;sensor.v615_left_floor;5360.9;1957-07-21 06:31:38
324;sensor.v236_bottom_floor;5662.84;1995-11-12 01:28:28
325;sensor.v715_top_floor;9102.11;1994-03-14 01:59:22
326;sensor.v654_top_floor;ymyoxzafo;1977-09-01 05:39:50
327;sensor.v229_left_floor;2645.78;1991-09-26 05:11:17
328;sensor.v379_left_floor;hyfjyahze;1982-02-06 08:33:43
329;sensor.v032_right_floor;afzzeeivl;1968-12-18 11:55:13
330;sensor.v752_bottom_floor;191.34;1966-09-15 20:32:40
331;sensor.v339_right_floor;2997.0;1987-09-18 10:50:38
332;sensor.v769_left_floor;6879.6;1991-04-26 12:46:16
333;sensor.v470_top_floor;2024.95;1955-02-22 16:00:07
334;sensor.v165_top_floor;hldjyfiqz;1998-10-07 15:22:38
335;sensor.v604_left_floor;6983.65;1951-12-03 07:01:52
336;sensor.v723_right_floor;3292.02;1956-11-07 15:55:51
337;sensor.v493_right_floor;kjabjnhqr;1956-12-15 01:36:56
338;sensor.v154_right_floor;gfeoahgxl;1958-08-01 20:21:03
339;sensor.v589_top_floor;9560.53;1972-02-20 10:17:56
340;sensor.v925_right_floor;7903.67;1986-10-12 14:02:37
341;sensor.v347_bottom_floor;883.57;1989-12-07 17:23:17
342;sensor.v621_right_floor;6229.56;1987-08-14 14:06:39
343;sensor.v737_bottom_floor;7097.34;1969-02-24 21:33:27
344;sensor.v483_top_floor;mycdcsbal;1956-10-06 13:30:31
345;sensor.v697_left_floor;cucyvhwtt;1979-11-27 17:52:49
346;sensor.v367_left_floor;6216.67;1963-07-28 11:20:35
347;sensor.v961_top_floor;dpkxnouzk;1971-09-20 01:53:01
348;sensor.v853_bottom_floor;811.34;1963-10-01 08:30:40
349;sensor.v676_top_floor;girespvwk;1954-12-02 08:22:19
350;sensor.v358_right_floor;7247.61;2000-11-21 20:17:49
351;sensor.v331_left_floor;lzfjbrcvj;1953-09-14 01:11:02
352;sensor.v382_left_floor;dyvrxndla;1986-03-18 05:55:19
353;sensor.v234_top_floor;5377.95;1999-02-26 14:05:34
354;sensor.v143_top_floor;3285.82;1992-03-04 10:22:19
355;sensor.v886_bottom_floor;2837.38;1963-09-10 12:31:19
356;sensor.v657_top_floor;1188.95;1971-12-02 03:46:01
357;sensor.v824_bottom_floor;kzfccptcu;1999-10-28 06:12:58
358;sensor.v105_top_floor;csdnezebc;1974-01-06 05:35:10
359;sensor.v540_top_floor;deaxscjin;1990-07-01 07:10:57
360;sensor.v158_right_floor;841.37;1955-01-08 09:41:01
361;sensor.v548_top_floor;5866.74;1968-05-06 14:59:59
362;sensor.v733_right_floor;1356.23;1981-12-27 16:20:41
363;sensor.v631_top_floor;nrmghdnbu;1965-09-27 23:25:51
364;sensor.v940_bottom_floor;2222.76;1982-05-21 04:12:07
365;sensor.v004_left_floor;wizhyspju;1960-09-20 13:46:53
366;sensor.v656_right_floor;yuqnrrtne;1951-10-24 07:34:26
367;sensor.v660_top_floor;6411.97;1950-03-24 03:21:14
368;sensor.v445_top_floor;2241.42;1988-04-21 11:04:13
369;sensor.v572_right_floor;5180.22;1952-08-26 23:43:10
370;sensor.v441_right_floor;747.48;1951-10-14 13:23:54
371;sensor.v437_top_floor;7883.05;1960-10-13 13:48:22
372;sensor.v863_right_floor;bvxzuqfxh;1994-10-01 00:10:22
373;sensor.v690_right_floor;6752.92;1997-06-18 15:53:02
374;sensor.v139_right_floor;xlzojaxvb;1959-10-26 05:46:32
375;sensor.v497_top_floor;2623.29;1968-09-02 18:51:34
376;sensor.v880_left_floor;8750.39;1997-08-13 16:08:29
377;sensor.v852_right_floor;925.04;1995-07-05 03:53:51
378;sensor.v578_left_floor;iowoisoou;1970-01-26 21:20:37
379;sensor.v856_right_floor;3740.64;1980-06-14 02:56:16
380;sensor.v215_top_floor;276.43;1952-07-15 18:15:27
381;sensor.v104_top_floor;ogojlawcf;1951-09-09 08:04:23
382;sensor.v043_left_floor;9601.37;1959-12-16 17:44:43
383;sensor.v176_top_floor;fjoaihzzh;1952-06-24 05:56:53
384;sensor.v446_right_floor;7193.63;1976-11-20 13:35:26
385;sensor.v332_right_floor;6940.88;1951-12-14 00:20:39
386;sensor.v678_bottom_floor;8480.34;1975-06-07 23:33:32
387;sensor.v848_bottom_floor;hkzhvktjr;1995-11-26 09:49:47
388;sensor.v908_bottom_floor;837.0;1971-01-26 16:31:11
389;sensor.v847_bottom_floor;8987.11;2000-10-09 11:51:49
390;sensor.v217_left_floor;4696.71;1995-10-07 12:58:40
391;sensor.v668_bottom_floor;3558.96;1986-11-02 20:14:10
392;sensor.v978_bottom_floor;4694.28;1981-03-23 18:13:30
393;sensor.v198_top_floor;ujgbzrgwr;1985-09-04 08:42:34
394;sensor.v658_left_floor;goodzeudg;1985-04-08 17:37:31
395;sensor.v183_bottom_floor;1236.93;1984-05-16 08:47:13
396;sensor.v530_right_floor;5808.97;1970-09-01 21:34:41
397;sensor.v936_bottom_floor;nspyzjhgy;1959-01-04 12:00:20
398;sensor.v105_right_floor;2844.96;1981-10-28 19:27:42
399;sensor.v554_left_floor;jlzvfjxos;1993-05-03 19:45:31
400;sensor.v296_right_floor;2212.9;1968-08-02 06:41:48
401;sensor.v131_left_floor;4012.61;1955-08-14 16:49:52
402;sensor.v519_right_floor;1306.58;1952-10-08 11:09:01
403;sensor.v190_left_floor;7360.3;1984-04-12 23:01:39
404;sensor.v000_bottom_floor;sgnbohmcf;1970-01-12 02:13:00
405;sensor.v446_right_floor;5772.46;1956-07-10 18:30:12
406;sensor.v857_bottom_floor;5345.67;1977-09-26 00:43:21
407;sensor.v970_top_floor;cmgkcfwgi;1973-11-19 20:51:56
408;sensor.v743_left_floor;876.13;1970-11-21 09:00:17
409;sensor.v614_right_floor;1005.39;1993-11-19 02:22:23
410;sensor.v559_top_floor;eecuvpinq;1988-08-04 17:27:53
411;sensor.v834_top_floor;uzywvywxf;1998-02-17 04:05:39
412;sensor.v571_right_floor;4144.81;1960-02-06 16:11:35
413;sensor.v298_top_floor;5802.81;1959-10-25 16:28:58
414;sensor.v209_top_floor;fqcyfsaal;1993-01-05 20:36:44
415;sensor.v534_right_floor;7287.46;1998-03-06 04:12:55
416;sensor.v563_left_floor;5979.13;1953-01-28 21:43:22
417;sensor.v053_top_floor;uyvknrpzx;1953-05-18 09:28:44
418;sensor.v684_left_floor;3192.16;1998-08-17 15:14:23
419;sensor.v886_left_floor;wclqgveok;1979-11-05 23:09:15
420;sensor.v442_left_floor;mdgkscozh;1957-02-12 07:11:15
421;sensor.v479_left_floor;594.01;1984-05-09 11:23:43
422;sensor.v349_left_floor;753.57;1965-05-07 18:51:50
423;sensor.v021_left_floor;7904.41;1976-07-07 20:36:45
424;sensor.v691_right_floor;5420.36;1963-11-01 14:47:03
425;sensor.v516_left_floor;7497.65;1979-06-09 04:44:06
426;sensor.v811_right_floor;7277.88;1978-12-09 07:30:16
427;sensor.v067_right_floor;784.84;1989-09-01 22:50:31
428;sensor.v078_bottom_floor;3464.66;1968-12-25 07:15:35
429;sensor.v517_bottom_floor;ulkacefid;1958-07-17 03:06:46
430;sensor.v009_left_floor;9443.76;1963-05-26 20:29:21
431;sensor.v042_top_floor;6403.72;1995-01-28 15:35:41
432;sensor.v026_right_floor;xztzlxqmj;1997-06-02 03:52:23
433;sensor.v965_bottom_floor;xyzifmlmh;1951-06-06 19:24:34
434;sensor.v132_right_floor;3182.19;1965-07-05 05:56:13
435;sensor.v588_left_floor;legddbfvb;2000-11-08 15:52:10
436;sensor.v172_top_floor;9481.35;1993-05-19 14:14:28
437;sensor.v967_top_floor;iaaohybbm;1984-10-16 13:09:40
438;sensor.v688_top_floor;xmuyfbnev;1982-09-09 05:11:27
439;sensor.v175_top_floor;3392.92;1959-04-04 04:20:42
440;sensor.v678_right_floor;5408.82;1995-12-18 02:59:05
441;sensor.v959_left_floor;uwnlipjld;1992-03-16 17:56:16
442;sensor.v504_bottom_floor;9247.62;1988-03-16 09:09:58
443;sensor.v697_left_floor;5028.79;1990-10-23 01:45:42
444;sensor.v920_right_floor;ioobpaasi;1990-02-23 02:16:26
445;sensor.v569_top_floor;3875.11;1974-04-17 00:33:03
446;sensor.v823_bottom_floor;dyqfsfwwg;1984-05-19 08:04:41
447;sensor.v921_right_floor;2108.98;1955-12-20 15:01:59
448;sensor.v325_bottom_floor;839.25;1971-03-06 00:00:45
449;sensor.v481_right_floor;nvkefdvtp;1958-04-08 11:12:20
450;sensor.v005_right_floor;4415.7;1953-09-19 19:24:41
451;sensor.v704_top_floor;mzcmbcgxq;1950-11-01 07:11:26
452;sensor.v835_left_floor;1670.01;1992-04-27 02:31:18
453;sensor.v770_top_floor;zyafokkki;1984-06-11 15:06:53
454;sensor.v983_bottom_floor;6271.11;1980-07-15 11:13:47
455;sensor.v160_bottom_floor;6687.93;1979-10-27 00:56:42
456;sensor.v464_top_floor;4217.96;1969-02-08 15:14:11
457;sensor.v573_top_floor;jizmpuiqy;1968-07-01 17:42:21
458;sensor.v610_left_floor;znrkejitl;1978-01-26 07:55:02
459;sensor.v061_top_floor;plwmvipwa;1957-01-22 00:41:25
460;sensor.v393_top_floor;vkjdwrepe;2000-02-02 17:33:52
461;sensor.v148_left_floor;gtigwheth;1952-06-01 21:03:31
462;sensor.v150_bottom_floor;5891.83;1982-01-18 00:41:54
463;sensor.v882_left_floor;5094.87;1966-07-24 03:11:39
464;sensor.v314_top_floor;5217.5;1973-06-27 22:01:11
465;sensor.v999_left_floor;880.87;1981-01-20 13:50:09
466;sensor.v437_top_floor;4828.41;1960-07-04 15:28:38
467;sensor.v282_bottom_floor;5356.25;1995-11-13 01:36:34
468;sensor.v035_top_floor;844.44;1975-03-18 07:00:59
469;sensor.v448_right_floor;vbbyyejaf;1962-03-22 10:22:48
470;sensor.v853_left_floor;7344.32;1998-06-19 15:52:42
471;sensor.v864_top_floor;wzkjzyybo;1987-03-23 22:04:30
472;sensor.v184_bottom_floor;dvloesrzu;1990-04-16 23:00:35
473;sensor.v089_bottom_floor;9370.03;1989-01-07 07:56:39
474;sensor.v135_right_floor;wnlbiqkgk;1977-06-23 10:42:04
475;sensor.v150_left_floor;5225.62;1959-08-08 00:35:38
476;sensor.v958_left_floor;kfhwzikvh;1969-12-17 10:22:35
477;sensor.v428_bottom_floor;hpwfhospv;1971-11-13 06:01:34
478;sensor.v702_top_floor;4138.03;1968-11-01 00:29:47
479;sensor.v599_bottom_floor;bsniebilz;1984-01-15 05:42:33
480;sensor.v847_top_floor;4539.08;1973-02-27 02:37:32
481;sensor.v904_left_floor;8450.29;1969-10-12 14:43:18
482;sensor.v368_right_floor;1559.33;1996-10-21 07:31:58
483;sensor.v979_left_floor;oclydglmq;1956-04-23 20:54:47
484;sensor.v953_left_floor;zcfqiizwp;1987-01-25 16:56:52
485;sensor.v012_bottom_floor;8772.75;1958-09-18 00:48:44
486;sensor.v418_right_floor;qogptevpc;1997-11-23 16:43:32
487;sensor.v677_left_floor;xxhxkiibg;1975-05-24 16:22:38
488;sensor.v936_bottom_floor;9551.21;1999-01-13 21:40:16
489;sensor.v311_top_floor;sneqtdkdc;1982-07-01 16:41:58
490;sensor.v737_right_floor;2956.66;1994-01-11 04:44:19
491;sensor.v464_bottom_floor;1486.38;1950-11-17 06:47:31
492;sensor.v059_bottom_floor;4853.91;1973-09-18 01:14:17
493;sensor.v997_left_floor;duoculifz;1962-07-07 05:58:35
494;sensor.v099_right_floor;2333.92;1987-03-18 00:14:02
495;sensor.v270_left_floor;veodtkqru;1984-01-23 17:59:13
496;sensor.v753_right_floor;2465.39;1980-09-18 19:05:08
497;sensor.v567_top_floor;7744.7;1986-04-14 21:46:43
498;sensor.v136_bottom_floor;4104.73;1983-08-19 09:37:34
499;sensor.v021_top_floor;4381.49;1993-08-03 01:37:25
500;sensor.v237_right_floor;6544.54;1990-11-04 10:56:38
501;sensor.v039_bottom_floor;5805.57;1950-12-12 17:31:26
502;sensor.v615_bottom_floor;6105.04;1999-12-24 20:32:28
503;sensor.v234_right_floor;6855.67;1950-09-09 23:04:43
504;sensor.v988_right_floor;43.07;1999-07-28 06:53:43
505;sensor.v765_bottom_floor;ewjrcchpl;1975-05-21 23:58:25
506;sensor.v309_bottom_floor;olscslbuf;1970-10-06 02:53:23
507;sensor.v293_right_floor;qawodvkem;1954-04-28 13:13:14
508;sensor.v647_bottom_floor;2252.49;1987-08-15 12:49:59
509;sensor.v925_bottom_floor;2303.03;1991-12-18 10:49:54
510;sensor.v548_bottom_floor;jmobamqet;1977-12-10 11:47:17
511;sensor.v325_left_floor;qdmefggpg;1980-11-11 20:30:20
512;sensor.v123_bottom_floor;5793.28;1959-07-09 06:20:18
513;sensor.v673_bottom_floor;5528.33;1986-06-05 23:49:08
514;sensor.v538_left_floor;ukswrbvhm;1953-10-21 01:19:15
515;sensor.v107_right_floor;nqtdumnlg;1966-04-20 22:31:27
516;sensor.v634_right_floor;loawuoyub;1967-02-10 18:35:43
517;sensor.v320_top_floor;zpasaldwg;2000-11-24 01:43:55
518;sensor.v320_top_floor;zpasaldwg;2000-11-24 01:43:55
519;sensor.v294_top_floor;bfiaraaon;1996-05-06 20:42:36
520;sensor.v801_top_floor;8260.24;1959-02-28 19:46:45
521;sensor.v283_left_floor;zzllxyurb;1972-09-12 07:56:45
522;sensor.v889_right_floor;koraotury;1961-06-04 20:37:12
523;sensor.v080_bottom_floor;1930.2;1962-11-03 08:44:46
524;sensor.v263_right_floor;91.75;1950-02-06 04:40:53
525;sensor.v925_bottom_floor;ofeqcdkyn;1961-08-21 16:01:26
526;sensor.v114_right_floor;8712.49;1963-02-28 11:36:41
527;sensor.v236_left_floor;vcpafmpcm;1969-07-25 14:07:22
528;sensor.v664_bottom_floor;9670.24;1971-11-10 03:19:33
529;sensor.v700_left_floor;mfbqumdbx;1986-12-22 16:03:53
530;sensor.v889_bottom_floor;hgpkmzqfy;1972-01-10 03:45:05
531;sensor.v994_right_floor;ocxtrfbdl;1989-08-14 18:30:27
532;sensor.v145_top_floor;8918.51;1961-08-03 11:37:41
533;sensor.v239_top_floor;1212.43;1960-12-28 03:07:14
534;sensor.v271_bottom_floor;6683.25;1955-01-04 20:07:40
535;sensor.v054_bottom_floor;ncmgomlyg;1960-01-26 12:48:29
536;sensor.v572_top_floor;4017.74;1987-10-28 19:48:45
537;sensor.v548_right_floor;ryuiptznf;1980-04-09 13:39:22
538;sensor.v053_bottom_floor;svbdlhfcn;1971-03-25 04:56:04
539;sensor.v220_top_floor;reyenshty;1976-08-24 18:25:34
540;sensor.v043_left_floor;vtcdklrgh;2000-07-12 10:43:13
541;sensor.v620_top_floor;8025.45;1956-02-27 03:51:30
542;sensor.v449_left_floor;iasqnazkk;1975-04-24 22:57:47
543;sensor.v028_bottom_floor;ieiakokjo;1951-12-06 12:59:00
544;sensor.v594_left_floor;evgowbszi;1969-04-01 17:57:45
545;sensor.v960_top_floor;flusqrisz;1960-03-14 12:50:36
546;sensor.v327_bottom_floor;8278.74;1952-03-07 07:47:12
547;sensor.v967_left_floor;3996.32;1982-07-24 01:31:21
548;sensor.v914_top_floor;6245.78;1958-10-26 19:49:44
549;sensor.v624_left_floor;ruofclgbs;1964-01-04 14:25:55
550;sensor.v975_bottom_floor;712.23;1963-12-14 13:29:04
551;sensor.v346_left_floor;rphbkxmun;1976-06-05 18:47:55
552;sensor.v505_bottom_floor;1113.58;1961-10-26 07:55:57
553;sensor.v312_top_floor;3793.41;1952-05-17 06:07:39
554;sensor.v433_left_floor;bqvfxfxbw;1963-04-18 13:49:06
555;sensor.v475_top_floor;hgfmvktgx;1960-01-21 01:13:48
556;sensor.v870_right_floor;zeguzmkgo;1958-05-22 15:14:17
557;sensor.v107_left_floor;8329.82;1994-05-27 10:07:08
558;sensor.v547_bottom_floor;4279.23;1972-01-08 00:09:09
559;sensor.v043_bottom_floor;173.81;1961-08-01 02:43:41
560;sensor.v849_right_floor;6390.46;1960-01-05 13:06:43
561;sensor.v422_right_floor;dpqhciuex;1959-09-17 08:31:51
562;sensor.v255_right_floor;3823.82;2000-09-03 06:17:23
563;sensor.v663_left_floor;fipdwneog;1989-04-19 05:00:41
564;sensor.v995_top_floor;nnsfhsztl;1990-12-24 11:28:31
565;sensor.v085_top_floor;ltslhuzjc;1973-01-23 04:32:13
566;sensor.v669_left_floor;mdcwpdvnc;1974-04-28 09:20:41
567;sensor.v206_right_floor;5269.21;1990-03-20 20:03:29
568;sensor.v015_left_floor;euawbvvhz;1969-11-03 01:13:29
569;sensor.v303_top_floor;5708.0;1953-02-21 23:28:16
570;sensor.v121_top_floor;evxbnyadj;1959-03-03 23:31:06
571;sensor.v343_bottom_floor;5348.66;1970-10-05 05:54:23
572;sensor.v134_left_floor;onxvxczsb;1986-09-11 01:20:11
573;sensor.v794_top_floor;uldbuzrnh;1988-05-19 11:07:51
574;sensor.v072_right_floor;zzisyfvye;1987-10-17 01:20:08
575;sensor.v659_top_floor;pqppsahgy;1953-11-14 00:24:39
576;sensor.v963_left_floor;582.41;1952-01-11 20:33:19
577;sensor.v146_top_floor;9058.87;1960-12-26 07:41:09
578;sensor.v386_right_floor;myukyphhq;1961-09-22 08:15:37
579;sensor.v369_top_floor;zjmfoxbzw;1977-11-12 10:36:25
580;sensor.v603_left_floor;ibdbfhfpo;1954-11-12 03:38:59
581;sensor.v451_left_floor;1402.29;1993-08-12 12:08:36
582;sensor.v576_bottom_floor;1091.26;1998-11-13 07:42:22
583;sensor.v389_left_floor;7275.02;1972-08-01 07:30:28
584;sensor.v881_left_floor;8808.54;1990-10-16 18:20:02
585;sensor.v550_left_floor;qmqvpjckv;1959-06-25 01:56:51
586;sensor.v922_left_floor;asimvawxe;2000-01-25 23:25:52
587;sensor.v358_bottom_floor;2618.64;1989-10-11 12:00:34
588;sensor.v889_left_floor;6651.91;1989-03-25 02:50:06
589;sensor.v360_bottom_floor;3928.99;1958-11-09 06:02:17
590;sensor.v862_left_floor;2345.26;1995-05-05 03:54:42
591;sensor.v995_top_floor;pbovllqup;1987-04-08 22:38:02
592;sensor.v886_top_floor;157.31;2000-10-11 02:52:59
593;sensor.v202_left_floor;kyelxuxyo;1961-06-28 11:16:34
594;sensor.v993_top_floor;fuyeiizlo;1966-09-01 05:15:33
595;sensor.v892_top_floor;971.89;1958-04-24 19:16:22
596;sensor.v579_bottom_floor;4251.65;1987-12-27 13:58:41
597;sensor.v985_right_floor;pxstaotkr;1963-12-18 08:03:57
598;sensor.v302_right_floor;2946.27;1998-05-02 08:19:12
599;sensor.v246_top_floor;lemtjgxbn;1950-04-27 04:48:27
600;sensor.v510_right_floor;drwnloqiv;1969-10-04 00:25:49
601;sensor.v985_right_floor;uesgazmip;1985-08-14 00:23:13
602;sensor.v005_top_floor;uazwhesjz;1957-12-21 17:28:29
603;sensor.v502_bottom_floor;7072.22;1956-06-25 14:11:10
604;sensor.v842_right_floor;2526.1;1950-12-15 07:27:51
605;sensor.v906_bottom_floor;jfshwvsxt;1990-01-22 03:03:50
606;sensor.v043_bottom_floor;6903.2;1971-07-28 17:48:39
607;sensor.v077_left_floor;qofdzesof;1993-04-03 08:05:20
608;sensor.v249_bottom_floor;hjyvgogen;1970-06-24 16:34:43
609;sensor.v671_bottom_floor;3065.61;1957-04-28 10:42:31
610;sensor.v574_left_floor;asnhcdzce;1973-06-12 23:38:22
611;sensor.v628_bottom_floor;pgwlarahm;1972-05-04 05:32:47
612;sensor.v233_left_floor;englmjujd;1983-08-06 15:16:37
613;sensor.v424_left_floor;56.59;1999-03-07 08:16:53
614;sensor.v007_bottom_floor;9270.71;1988-10-23 22:48:04
615;sensor.v368_left_floor;zdfeexygf;1980-03-24 00:53:55
616;sensor.v908_bottom_floor;ulbstsrqh;1964-10-11 20:33:15
617;sensor.v420_right_floor;7593.55;1980-12-07 18:20:22
618;sensor.v413_left_floor;btvcpfeob;1972-08-24 19:38:39
619;sensor.v789_top_floor;4368.11;1960-07-22 18:19:19
620;sensor.v766_top_floor;6835.3;1957-03-04 18:28:01
621;sensor.v041_right_floor;brwoieetn;1975-08-11 22:09:43
622;sensor.v267_right_floor;8902.49;1992-04-22 23:33:43
623;sensor.v123_left_floor;1689.84;1963-01-25 19:09:23
624;sensor.v080_top_floor;7399.25;1950-04-25 13:45:59
625;sensor.v677_bottom_floor;3201.85;1950-11-03 12:17:03
626;sensor.v327_top_floor;5204.74;1984-07-03 11:02:53
627;sensor.v013_top_floor;dchxezxnn;1968-08-16 06:17:18
628;sensor.v083_right_floor;jbojpscch;1981-02-14 07:30:32
629;sensor.v606_right_floor;treaeilzo;1981-10-27 20:43:32
630;sensor.v756_right_floor;savllgoho;1961-10-20 03:45:13
631;sensor.v397_left_floor;fhjxwiomu;2000-03-11 21:16:22
632;sensor.v506_top_floor;3056.55;1998-09-23 14:47:46
633;sensor.v660_bottom_floor;dowcziuks;1951-02-22 23:27:14
634;sensor.v297_left_floor;7201.28;1998-03-26 17:00:28
635;sensor.v044_right_floor;4290.94;1952-07-10 17:08:10
636;sensor.v248_right_floor;8202.26;1987-11-20 03:49:09
637;sensor.v602_top_floor;chqhptnel;1957-07-16 11:44:59
638;sensor.v167_left_floor;646.15;1982-02-23 18:33:39
639;sensor.v650_right_floor;3881.72;1983-11-22 01:48:50
640;sensor.v584_bottom_floor;8621.06;1981-04-13 23:34:22
641;sensor.v509_left_floor;snqdsbdaa;1969-07-02 22:50:52
642;sensor.v121_bottom_floor;9346.14;1987-03-10 23:07:27
643;sensor.v949_left_floor;fvzvfqmgx;1967-09-09 02:48:54
644;sensor.v405_right_floor;otifxnspd;1967-11-13 12:38:55
645;sensor.v296_left_floor;inqyrqtzw;1978-05-07 02:07:38
646;sensor.v577_left_floor;2448.61;1973-07-17 01:27:06
647;sensor.v980_bottom_floor;wwohbnjyk;1967-01-03 16:14:03
648;sensor.v910_right_floor;zrecgoefd;1989-09-12 08:12:51
649;sensor.v324_bottom_floor;4589.63;1982-01-23 00:52:17
650;sensor.v205_right_floor;4684.02;1973-06-04 06:47:48
651;sensor.v511_bottom_floor;rldnadtal;1980-08-04 15:39:26
652;sensor.v479_right_floor;kkqgxbbmb;1995-05-24 06:09:55
653;sensor.v361_right_floor;7020.64;1978-01-11 03:21:33
654;sensor.v527_bottom_floor;7552.17;1986-03-01 22:45:17
655;sensor.v385_bottom_floor;vpbnlyeqp;1960-01-01 06:01:10
656;sensor.v518_right_floor;ldtrxlmwp;1962-05-09 23:47:50
657;sensor.v631_right_floor;2484.42;1950-10-14 14:26:53
658;sensor.v495_left_floor;yjcmwzlio;1992-04-25 19:15:50
659;sensor.v901_right_floor;5163.08;1986-06-28 15:47:10
660;sensor.v286_top_floor;8695.04;1962-11-19 07:38:54
661;sensor.v842_left_floor;685.77;1989-04-25 18:21:05
662;sensor.v706_bottom_floor;661.17;1995-06-06 16:03:40
663;sensor.v546_left_floor;peumutszx;1991-12-07 02:32:12
664;sensor.v794_bottom_floor;bxxqksqop;1984-04-07 13:57:50
665;sensor.v749_top_floor;vvxuwfwcm;1967-10-15 19:52:52
666;sensor.v850_right_floor;unkkujweu;1971-12-05 19:24:33
667;sensor.v246_bottom_floor;1066.54;1996-10-04 12:31:30
668;sensor.v621_right_floor;bfyivxjyy;1994-03-25 03:38:31
669;sensor.v164_left_floor;6735.22;1984-12-11 16:09:29
670;sensor.v798_top_floor;fcdhepxzw;1967-08-12 19:27:01
671;sensor.v470_top_floor;4525.48;1994-03-19 17:04:18
672;sensor.v772_top_floor;sywkfblpd;1977-09-26 22:14:08
673;sensor.v998_top_floor;8518.61;1977-01-26 10:49:21
674;sensor.v022_top_floor;7098.24;1957-12-04 19:39:18
675;sensor.v859_left_floor;7042.25;1954-07-13 16:58:03
676;sensor.v878_right_floor;fhflbnypm;1961-03-07 09:04:28
677;sensor.v509_right_floor;3704.6;1951-12-25 07:54:10
678;sensor.v619_top_floor;fnjxtqknw;1983-12-10 10:35:43
679;sensor.v540_right_floor;2984.54;1998-01-19 11:38:48
680;sensor.v508_right_floor;abjsfpjut;1996-04-11 09:44:54
681;sensor.v912_right_floor;jlvklwmst;1952-02-21 08:33:50
682;sensor.v396_left_floor;jdqtwkgvc;1959-09-09 14:06:06
683;sensor.v986_left_floor;9995.95;1959-05-23 04:37:08
684;sensor.v204_right_floor;aucsjyxnh;1971-02-20 16:16:41
685;sensor.v803_left_floor;5347.28;1985-12-14 20:41:02
686;sensor.v804_right_floor;ceydmvrax;1955-02-03 10:59:10
687;sensor.v444_bottom_floor;omeflatir;1958-06-13 10:42:49
688;sensor.v732_bottom_floor;cjcaabrun;1993-12-27 23:54:10
689;sensor.v358_bottom_floor;7419.0;1990-11-28 00:17:32
690;sensor.v469_left_floor;avozmhxae;1963-06-06 02:04:05
691;sensor.v619_top_floor;woxfryjvb;1976-12-12 17:24:04
692;sensor.v262_left_floor;hvxpovtfj;1985-03-03 22:09:34
693;sensor.v165_bottom_floor;xpjmjbtwr;1976-10-26 05:42:12
694;sensor.v457_right_floor;jdguqbquv;1994-06-25 05:38:21
695;sensor.v154_left_floor;570.1;1963-11-27 03:20:14
696;sensor.v877_top_floor;1065.07;1994-07-02 06:27:02
697;sensor.v722_bottom_floor;7358.37;1974-11-14 19:40:01
698;sensor.v376_left_floor;361.54;1985-01-06 01:43:27
699;sensor.v597_left_floor;197.1;1975-05-02 01:34:09
700;sensor.v422_top_floor;mulviorky;1954-11-10 03:01:31
701;sensor.v577_right_floor;7619.72;1994-10-18 12:19:29
702;sensor.v803_top_floor;3421.54;1958-09-02 06:04:12
703;sensor.v774_top_floor;czitboxli;1971-09-11 06:08:52
704;sensor.v999_left_floor;zqypdjyeo;1971-04-06 07:30:35
705;sensor.v001_left_floor;1407.75;1993-07-11 17:45:25
706;sensor.v498_top_floor;4124.87;1992-05-19 06:57:20
707;sensor.v007_right_floor;btfokmzyj;1952-03-23 13:17:54
708;sensor.v582_top_floor;5392.36;1954-03-14 11:57:24
709;sensor.v451_top_floor;1135.74;1950-10-26 19:53:15
710;sensor.v124_left_floor;xayazxhmd;1989-11-16 18:22:49
711;sensor.v648_bottom_floor;1990.6;1954-03-19 13:37:51
712;sensor.v295_left_floor;ncfopiuky;1956-05-14 04:57:08
713;sensor.v489_right_floor;qucpfqkht;1987-12-24 20:46:30
714;sensor.v330_right_floor;htwlcmnge;1952-10-12 04:46:04
715;sensor.v555_right_floor;mtskxpded;1968-04-01 12:14:45
716;sensor.v908_bottom_floor;4941.14;1967-09-20 11:10:31
717;sensor.v766_top_floor;1061.59;1975-12-15 10:12:20
718;sensor.v663_right_floor;znrhekhpw;1998-07-02 16:00:41
719;sensor.v362_top_floor;9463.62;1965-10-18 01:25:46
720;sensor.v549_bottom_floor;1602.32;1986-12-07 18:53:31
721;sensor.v897_left_floor;825.64;1999-02-16 15:58:07
722;sensor.v853_top_floor;uxipzujuv;1985-11-08 15:22:52
723;sensor.v199_bottom_floor;rgsqgcigh;2000-02-19 03:27:12
724;sensor.v141_right_floor;dckjldgiz;1962-01-15 16:20:50
725;sensor.v901_left_floor;dpniqybgv;1958-08-02 13:03:26
726;sensor.v677_right_floor;5976.19;1975-07-04 01:52:00
727;sensor.v310_left_floor;rlsrhueeu;1951-07-14 04:58:32
728;sensor.v652_left_floor;nqvibjlhk;1952-06-03 22:16:06
729;sensor.v706_left_floor;yneobxtrx;1989-04-08 03:48:19
730;sensor.v618_left_floor;rymmvvxiw;1988-04-28 10:18:01
731;sensor.v120_top_floor;4465.37;1988-09-03 14:31:39
732;sensor.v410_bottom_floor;wtuvlpsnn;1961-12-25 05:32:13
733;sensor.v358_top_floor;nrogpciff;1950-08-28 06:08:14
734;sensor.v724_left_floor;sasuqldcw;1994-09-10 10:36:22
735;sensor.v376_top_floor;qquftcfnr;1993-03-09 18:15:02
736;sensor.v068_left_floor;2563.51;1979-08-21 16:59:49
737;sensor.v960_left_floor;thiibxjig;1989-08-04 02:14:27
738;sensor.v625_bottom_floor;1622.04;1958-01-25 22:43:33
739;sensor.v302_bottom_floor;pjldwwplg;1974-11-09 13:55:26
740;sensor.v477_left_floor;7079.47;1994-08-25 16:52:58
741;sensor.v955_top_floor;nkoraxtqe;1976-05-17 04:23:27
742;sensor.v747_bottom_floor;8025.87;1976-10-21 04:54:14
743;sensor.v996_bottom_floor;kuofqzjoq;1998-07-19 14:37:26
744;sensor.v858_bottom_floor;wfmcxghjp;1996-12-07 11:29:11
745;sensor.v354_right_floor;wtlnyzvxz;1977-08-18 03:45:26
746;sensor.v026_bottom_floor;1238.13;1984-02-03 22:38:17
747;sensor.v294_right_floor;177.64;1958-07-11 23:14:10
748;sensor.v970_top_floor;2457.75;1979-08-16 22:11:54
749;sensor.v496_bottom_floor;cwyeusrjj;1968-08-25 18:45:00
750;sensor.v096_bottom_floor;ywnlnuwwa;1957-06-12 22:23:28
751;sensor.v132_right_floor;hlejzzzxw;1952-02-05 06:25:12
752;sensor.v800_bottom_floor;bgjlitgrc;1956-08-05 00:54:44
753;sensor.v100_top_floor;7765.87;1969-11-02 21:02:51
754;sensor.v196_top_floor;botwjltmk;1981-01-01 04:26:51
755;sensor.v438_right_floor;3113.64;1957-09-11 20:19:52
756;sensor.v641_bottom_floor;kkiqyslfj;1955-02-12 22:46:11
757;sensor.v302_bottom_floor;2163.59;1952-04-26 14:36:53
758;sensor.v641_top_floor;cibakbmiq;1971-06-02 11:43:09
759;sensor.v116_right_floor;zqixtoonr;1957-08-12 17:56:00
760;sensor.v264_right_floor;874.44;1989-10-08 19:00:08
761;sensor.v407_bottom_floor;jvkrjoojr;1980-06-01 14:55:46
762;sensor.v415_left_floor;8784.8;1956-12-24 00:38:53
763;sensor.v664_left_floor;dkvqveeau;1976-03-12 13:44:35
764;sensor.v825_top_floor;1325.89;2000-09-06 16:55:50
765;sensor.v221_right_floor;9945.82;1999-08-16 01:13:11
766;sensor.v959_right_floor;aoezawzic;1975-06-15 23:55:02
767;sensor.v927_right_floor;4046.9;1968-02-17 13:54:51
768;sensor.v613_left_floor;cklzstjsk;1998-08-09 10:29:51
769;sensor.v876_top_floor;8369.97;1991-08-22 19:00:29
770;sensor.v889_right_floor;fozrkgnls;1998-03-27 01:42:30
771;sensor.v398_right_floor;gjadafvsc;1967-01-24 10:32:50
772;sensor.v340_bottom_floor;2955.89;1964-07-23 15:29:03
773;sensor.v087_left_floor;bbqffizec;1952-06-04 08:20:47
774;sensor.v880_bottom_floor;wszbrrptm;1983-07-10 06:55:26
775;sensor.v104_top_floor;uaiwycmzm;1983-07-16 03:43:46
776;sensor.v759_right_floor;siotypfmg;1974-12-01 21:56:51
777;sensor.v021_left_floor;1972.97;1964-01-10 10:20:03
778;sensor.v870_bottom_floor;bigrbbzvv;1967-08-06 17:38:30
779;sensor.v085_left_floor;swniarkbn;1974-03-17 01:34:26
780;sensor.v916_top_floor;7861.57;1968-10-22 17:25:31
781;sensor.v570_right_floor;4874.25;1992-07-10 15:41:52
782;sensor.v756_bottom_floor;fjzotmcck;1960-07-24 00:54:04
783;sensor.v735_left_floor;lemisqvnm;1982-02-06 18:59:05
784;sensor.v477_top_floor;6276.87;1991-11-26 17:01:52
785;sensor.v136_bottom_floor;hydzcvlvv;1950-08-14 02:05:32
786;sensor.v048_left_floor;8317.06;1974-04-07 11:28:08
787;sensor.v583_bottom_floor;lhysqddsl;1978-02-27 02:45:08
788;sensor.v342_left_floor;lnsrmsqcz;1998-08-28 21:02:35
789;sensor.v093_top_floor;8909.72;1978-02-27 08:41:07
790;sensor.v780_top_floor;4521.11;1980-01-19 16:09:34
791;sensor.v817_bottom_floor;bxqnrjjan;1976-10-07 21:01:25
792;sensor.v477_left_floor;rqwszcblm;1991-02-27 23:45:15
793;sensor.v209_bottom_floor;2105.73;1986-02-07 19:43:57
794;sensor.v392_bottom_floor;xylmmltaz;1994-05-09 05:11:58
795;sensor.v154_right_floor;efxagwvma;1953-11-11 01:23:19
796;sensor.v366_left_floor;5098.13;1958-07-13 14:23:18
797;sensor.v670_bottom_floor;2312.21;1958-12-24 18:37:08
798;sensor.v290_top_floor;tzpkyzvgc;1978-08-23 14:22:21
799;sensor.v765_left_floor;3460.07;1969-04-12 23:23:47
800;sensor.v097_bottom_floor;aedpshwcu;1968-06-10 01:03:44
801;sensor.v837_left_floor;7512.43;1992-07-27 21:53:24
802;sensor.v539_bottom_floor;fzrsjwdrx;1998-11-08 16:06:40
803;sensor.v800_right_floor;19.47;1977-02-21 02:30:43
804;sensor.v721_left_floor;7100.37;1978-08-03 12:45:20
805;sensor.v213_bottom_floor;6222.04;1953-05-26 09:40:56
806;sensor.v508_bottom_floor;jmazylzsm;1952-10-23 14:46:43
807;sensor.v484_left_floor;8888.43;1998-09-06 00:47:39
808;sensor.v863_top_floor;omcudrrhz;1988-12-12 11:28:02
809;sensor.v871_left_floor;9425.11;1968-11-17 02:04:56
810;sensor.v190_left_floor;xurmcadal;1976-04-16 06:40:57
811;sensor.v702_right_floor;9886.45;1959-04-17 06:53:19
812;sensor.v138_top_floor;4740.08;1992-07-05 13:41:09
813;sensor.v030_left_floor;5779.54;1960-11-26 11:35:35
814;sensor.v082_top_floor;520.83;1969-12-25 07:31:59
815;sensor.v151_right_floor;3431.76;1988-06-22 23:24:45
816;sensor.v601_left_floor;2649.96;1961-10-06 22:48:44
817;sensor.v282_top_floor;kltwrwrbo;1958-10-09 13:47:39
818;sensor.v006_right_floor;4625.6;1994-05-25 12:27:43
819;sensor.v627_top_floor;2110.69;1998-08-15 17:00:20
820;sensor.v272_right_floor;sdkarhyxv;1970-08-23 23:21:15
821;sensor.v027_right_floor;437.65;1982-08-10 11:14:20
822;sensor.v197_left_floor;tziokggbk;1997-07-23 15:10:34
823;sensor.v238_left_floor;pnfgfwrdq;1967-01-09 04:05:16
824;sensor.v733_bottom_floor;zhwgtdtel;1987-11-07 02:37:31
825;sensor.v166_left_floor;2281.74;1989-07-26 07:15:45
826;sensor.v541_right_floor;zieovjnjm;1975-06-03 14:28:17
827;sensor.v361_right_floor;ogyyeqdys;1974-03-21 03:38:46
828;sensor.v731_bottom_floor;3927.38;1991-07-21 15:43:02
829;sensor.v110_left_floor;sfkysaovn;1963-02-05 16:01:07
830;sensor.v039_left_floor;evqqzyvoe;1992-09-25 14:49:10
831;sensor.v667_left_floor;muebsoxum;1954-01-07 22:14:38
832;sensor.v769_top_floor;xdagajfcg;1995-04-25 12:49:27
833;sensor.v104_left_floor;ligksfnpm;1961-07-27 01:09:26
834;sensor.v828_left_floor;jquofyerm;1955-04-12 10:17:10
835;sensor.v589_right_floor;yjahuogjs;1968-05-01 15:17:55
836;sensor.v785_bottom_floor;nzihvwbtx;1974-12-12 05:01:43
837;sensor.v223_top_floor;6777.1;1997-08-15 02:40:53
838;sensor.v423_bottom_floor;9927.29;1956-05-25 06:41:12
839;sensor.v888_top_floor;6622.81;1998-02-15 06:34:02
840;sensor.v985_bottom_floor;5299.04;1980-05-26 22:59:47
841;sensor.v886_bottom_floor;mdvcqolvy;1982-08-27 09:25:28
842;sensor.v253_top_floor;wtyuaunxx;1983-02-07 20:22:02
843;sensor.v203_right_floor;4612.68;1979-06-21 11:32:40
844;sensor.v941_left_floor;jxqymikrc;1963-05-08 00:20:06
845;sensor.v632_bottom_floor;1027.57;1971-12-24 21:20:46
846;sensor.v139_top_floor;wwuxnnpfx;1964-07-01 15:56:51
847;sensor.v781_right_floor;srdhbxgml;1953-07-03 18:20:05
848;sensor.v685_left_floor;7123.35;1965-01-03 00:59:39
849;sensor.v649_left_floor;gtnvrzfaw;1997-03-02 02:06:21
850;sensor.v248_right_floor;bqihrxetg;1964-10-24 21:13:25
851;sensor.v829_bottom_floor;idgchnxdt;2000-07-26 22:43:55
852;sensor.v519_top_floor;3756.62;1953-04-26 12:59:42
853;sensor.v098_left_floor;fgtgwyoqf;1969-09-16 12:28:34
854;sensor.v873_left_floor;qszbpxgtz;1985-06-20 13:55:16
855;sensor.v760_top_floor;enyjtaxit;1974-12-04 05:54:40
856;sensor.v106_left_floor;554.82;1995-11-23 01:14:15
857;sensor.v676_left_floor;sigfceavp;1989-02-20 00:54:34
858;sensor.v252_top_floor;7131.71;1965-07-09 19:14:52
859;sensor.v877_right_floor;mayjniiaf;1988-09-14 20:06:41
860;sensor.v216_right_floor;8133.68;1981-09-01 22:54:30
861;sensor.v646_right_floor;6887.98;1999-01-18 06:28:35
862;sensor.v224_left_floor;3694.61;1985-08-21 21:54:24
863;sensor.v955_bottom_floor;3257.57;1996-07-24 03:36:10
864;sensor.v647_right_floor;lixrljvmq;1967-11-15 02:07:35
865;sensor.v877_top_floor;391.52;1996-04-21 04:24:19
866;sensor.v942_top_floor;nbfomqhon;1970-03-17 04:19:51
867;sensor.v391_top_floor;2454.45;1994-08-10 10:35:55
868;sensor.v604_right_floor;vjdhhclza;1955-05-05 07:39:49
869;sensor.v512_left_floor;607.01;1982-03-02 10:40:44
870;sensor.v837_bottom_floor;bnyevdgbz;1997-09-23 23:55:16
871;sensor.v321_top_floor;yppzqmzsk;1952-02-05 23:53:43
872;sensor.v113_bottom_floor;npdyckbwc;1962-09-23 16:51:54
873;sensor.v681_top_floor;7080.99;1979-01-18 18:09:20
874;sensor.v358_bottom_floor;5354.55;1971-11-20 00:03:20
875;sensor.v638_left_floor;7414.44;1962-12-25 18:46:47
876;sensor.v277_bottom_floor;aorukicyh;1960-06-21 11:00:32
877;sensor.v926_right_floor;jdizpcuch;1975-04-19 12:00:49
878;sensor.v100_bottom_floor;53.42;1993-08-15 01:15:15
879;sensor.v548_left_floor;3501.63;1962-06-18 18:54:46
880;sensor.v403_top_floor;6170.38;1961-05-18 22:53:34
881;sensor.v722_left_floor;ytsptnvge;1985-05-12 02:35:15
882;sensor.v169_right_floor;vsbrianfy;1992-01-11 22:05:26
883;sensor.v092_right_floor;ikllrpdwu;2000-06-06 04:54:03
884;sensor.v784_right_floor;7615.21;1994-05-19 03:39:51
885;sensor.v278_top_floor;qiomnyjyi;1963-03-16 18:46:14
886;sensor.v877_left_floor;6814.29;1978-04-20 13:36:36
887;sensor.v093_right_floor;3160.86;1978-03-18 07:46:11
888;sensor.v796_left_floor;9593.09;1962-05-24 13:13:23
889;sensor.v808_bottom_floor;ddodzthvt;1994-12-11 17:38:49
890;sensor.v060_right_floor;9619.26;1960-08-13 12:41:16
891;sensor.v070_right_floor;uffodrmlf;1990-03-01 10:15:35
892;sensor.v365_bottom_floor;5635.94;1984-08-22 12:55:51
893;sensor.v885_left_floor;9914.93;1952-04-19 08:52:25
894;sensor.v650_right_floor;mgpffcjcm;1978-12-02 22:27:25
895;sensor.v100_top_floor;lrhfpuuym;1953-07-09 09:55:20
896;sensor.v419_top_floor;ebhntsxpj;1951-06-08 14:41:20
897;sensor.v236_left_floor;sqpexzrbs;1975-01-03 22:54:26
898;sensor.v077_top_floor;5334.1;1967-09-24 10:03:17
899;sensor.v891_top_floor;occnrwxwh;1960-08-18 10:43:23
900;sensor.v918_bottom_floor;7563.32;1984-02-19 19:35:55
901;sensor.v905_right_floor;dbqcznvpt;1983-05-26 21:36:06
902;sensor.v876_bottom_floor;bxinyuywb;1962-01-03 05:41:56
903;sensor.v189_bottom_floor;scufylhbe;1979-01-25 20:46:34
904;sensor.v074_top_floor;5289.73;1985-01-01 03:49:22
905;sensor.v713_top_floor;3625.74;1981-12-02 20:39:37
906;sensor.v668_left_floor;5622.96;1996-04-04 12:27:20
907;sensor.v155_top_floor;1610.62;1970-05-15 13:16:26
908;sensor.v204_top_floor;krzeeehjz;1995-01-17 20:35:10
909;sensor.v725_right_floor;1549.32;1988-07-24 06:13:28
910;sensor.v122_left_floor;fibdotyvy;2000-01-17 16:33:57
911;sensor.v289_right_floor;5605.71;1996-10-21 21:18:44
912;sensor.v836_top_floor;1220.87;1952-08-02 17:50:11
913;sensor.v877_right_floor;kagjygfgm;1951-08-15 01:39:53
914;sensor.v048_top_floor;2482.63;1994-02-01 14:11:15
915;sensor.v985_top_floor;7771.62;1975-09-04 14:41:29
916;sensor.v334_right_floor;tdglvbcin;1953-10-17 15:50:19
917;sensor.v612_top_floor;tkeeegurz;1997-02-01 23:34:16
918;sensor.v842_right_floor;twgcnyecm;1976-07-25 18:08:13
919;sensor.v543_bottom_floor;1706.76;1987-01-18 12:38:25
920;sensor.v254_top_floor;auxclqdmy;1955-01-27 12:21:14
921;sensor.v804_right_floor;wlqyxivwf;1958-07-25 03:19:31
922;sensor.v298_right_floor;3338.29;1980-06-13 21:17:12
923;sensor.v771_top_floor;6054.59;1991-04-21 17:05:25
924;sensor.v682_right_floor;envydeokt;1987-08-06 17:37:40
925;sensor.v326_right_floor;jeqxsrqal;1989-04-09 19:44:56
926;sensor.v756_right_floor;5207.6;1989-06-13 04:52:29
927;sensor.v512_top_floor;144.48;1979-11-20 17:18:13
928;sensor.v638_top_floor;5912.22;1974-12-10 08:03:19
929;sensor.v597_right_floor;1143.13;1973-03-02 17:20:03
930;sensor.v198_bottom_floor;cmipzlste;1968-10-28 21:13:14
931;sensor.v615_left_floor;6178.22;1990-11-09 10:10:19
932;sensor.v101_bottom_floor;gbedrgfvy;1992-02-09 08:38:11
933;sensor.v173_left_floor;5996.54;1996-11-15 21:27:54
934;sensor.v460_left_floor;1281.44;1972-05-10 23:50:17
935;sensor.v288_bottom_floor;sakblrryw;1995-10-16 12:15:17
936;sensor.v466_right_floor;3979.71;1990-08-23 11:14:06
937;sensor.v005_left_floor;mvuvfnuqc;1979-08-11 04:51:10
938;sensor.v565_top_floor;2979.84;1951-01-26 11:05:13
939;sensor.v050_top_floor;1898.86;1967-12-17 06:29:25
940;sensor.v623_bottom_floor;7804.6;1995-12-12 13:13:06
941;sensor.v873_right_floor;uflusklfg;1980-07-07 21:35:15
942;sensor.v685_right_floor;dsfoqgvbm;1951-11-05 12:30:06
943;sensor.v784_left_floor;sgebhbaph;1963-02-14 22:41:53
944;sensor.v955_right_floor;izejuhvem;1985-05-20 17:21:56
945;sensor.v935_left_floor;hysufpuks;1978-05-21 05:58:24
946;sensor.v431_top_floor;hoaiijyto;1991-12-21 07:55:39
947;sensor.v439_bottom_floor;6455.25;1979-11-11 03:09:09
948;sensor.v466_right_floor;2728.37;1951-01-09 02:17:45
949;sensor.v212_bottom_floor;bldeguimf;1974-12-04 20:36:27
950;sensor.v287_left_floor;njdivjkpe;1955-01-10 14:57:52
951;sensor.v884_top_floor;3145.54;1977-01-28 23:40:46
952;sensor.v824_right_floor;246.88;1991-12-10 19:40:08
953;sensor.v602_bottom_floor;272.79;1966-11-10 00:04:52
954;sensor.v896_right_floor;470.3;1979-07-11 08:01:35
955;sensor.v916_bottom_floor;sqonlsdpi;1970-03-17 06:59:35
956;sensor.v670_right_floor;1672.42;1998-12-24 06:03:05
957;sensor.v079_top_floor;8443.31;1977-08-04 10:31:59
958;sensor.v261_right_floor;2994.95;1999-10-23 23:02:27
959;sensor.v027_top_floor;hfplhnsvy;1965-07-13 22:33:01
960;sensor.v137_left_floor;3532.59;1967-12-08 16:41:47
961;sensor.v005_top_floor;iozkwwmbz;1979-05-05 08:52:13
962;sensor.v840_bottom_floor;6501.12;1978-05-15 19:20:21
963;sensor.v966_left_floor;540.64;1990-03-05 01:07:52
964;sensor.v618_bottom_floor;hhvjgyrtv;1951-07-01 20:47:53
965;sensor.v133_right_floor;efkuhfcjs;1960-04-02 05:10:05
966;sensor.v509_left_floor;2629.86;1968-11-09 06:39:33
967;sensor.v495_bottom_floor;rippubnwe;1971-01-03 12:22:45
968;sensor.v609_right_floor;5747.68;1991-10-06 20:02:53
969;sensor.v649_right_floor;9814.53;1982-09-28 01:35:55
970;sensor.v079_top_floor;nyrrbvbrz;1995-10-26 04:15:03
971;sensor.v030_top_floor;mtayolgaq;1983-07-20 06:36:40
972;sensor.v313_left_floor;xwgjchlyw;1973-04-07 16:20:01
973;sensor.v014_right_floor;238.31;1972-10-08 10:05:32
974;sensor.v194_right_floor;9814.37;1991-06-26 13:56:22
975;sensor.v689_top_floor;nphwjunjp;1977-03-26 01:33:52
976;sensor.v918_top_floor;7174.52;1974-01-16 15:56:22
977;sensor.v120_bottom_floor;4976.26;1996-05-02 04:14:20
978;sensor.v102_right_floor;2327.59;1975-05-20 04:19:17
979;sensor.v148_left_floor;7413.96;1954-03-05 08:46:50
980;sensor.v253_left_floor;98.15;1954-04-09 21:02:12
981;sensor.v265_top_floor;znitmguhq;1978-04-13 05:45:21
982;sensor.v420_right_floor;9841.36;1956-08-21 03:23:21
983;sensor.v892_left_floor;9303.18;1979-04-19 17:25:20
984;sensor.v316_left_floor;441.05;1968-02-23 10:05:24
985;sensor.v593_left_floor;8276.98;1950-07-03 19:18:30
986;sensor.v855_top_floor;bdadmlhnc;1986-10-21 19:52:18
987;sensor.v655_left_floor;5211.76;1975-01-06 09:11:13
988;sensor.v329_right_floor;hyfaognvm;1989-12-22 06:26:13
989;sensor.v111_right_floor;jpnclappd;1967-08-26 05:03:03
990;sensor.v577_top_floor;qjhszslbv;1962-02-03 01:47:11
991;sensor.v071_right_floor;pgiguvozy;1959-05-28 12:58:28
992;sensor.v402_left_floor;dabxrrnuh;1952-06-20 02:49:46
993;sensor.v187_bottom_floor;fijriafua;1980-07-05 03:51:39
994;sensor.v380_bottom_floor;2341.85;1989-03-15 22:23:41
995;sensor.v575_right_floor;ggmztuowc;1981-09-17 12:01:35
996;sensor.v530_left_floor;wnqvtmnuz;1959-05-11 05:16:48
997;sensor.v940_bottom_floor;4423.56;1957-05-28 14:28:31
998;sensor.v992_top_floor;gkfsbmsog;1963-09-14 17:05:00
999;sensor.v890_right_floor;tlphfemjs;1993-12-09 10:50:26
